date,X2849.TT.EQUITY,X2892.TT.EQUITY,X2867.TT.EQUITY,X83.HK.EQUITY,X101.HK.EQUITY,X5880.TT.EQUITY,X2880.TT.EQUITY,X2548.TT.EQUITY,X5534.TT.EQUITY,X2501.TT.EQUITY,X6005.TT.EQUITY,X2885.TT.EQUITY,X5876.TT.EQUITY,X1463.TT.EQUITY,X2801.TT.EQUITY,X9940.TT.EQUITY,X2820.TT.EQUITY,X2855.TT.EQUITY,X600848.CH.EQUITY,X2905.TT.EQUITY,X2897.TT.EQUITY,X1808.TT.EQUITY,X601377.CH.EQUITY,X5519.TT.EQUITY,X3040.TT.EQUITY,X600663.CH.EQUITY,X002939.CH.EQUITY,X601108.CH.EQUITY,X2537.TT.EQUITY,X2838.TT.EQUITY,X5522.TT.EQUITY,X9941.TT.EQUITY,X2628.HK.EQUITY,X2889.TT.EQUITY,X002945.CH.EQUITY,X2884.TT.EQUITY,X2540.TT.EQUITY,X9945.TT.EQUITY,X2845.TT.EQUITY,X2809.TT.EQUITY,X1299.HK.EQUITY,X6592.TT.EQUITY,X9946.TT.EQUITY,X000656.CH.EQUITY,X5.HK.EQUITY,X601162.CH.EQUITY,X601878.CH.EQUITY,X1903.TT.EQUITY,X600109.CH.EQUITY,X000783.CH.EQUITY,X2505.TT.EQUITY,X2520.TT.EQUITY,X601555.CH.EQUITY,X388.HK.EQUITY,X000728.CH.EQUITY,X601198.CH.EQUITY,X600030.CH.EQUITY,X601838.CH.EQUITY,X600369.CH.EQUITY,X000961.CH.EQUITY,X5871.TT.EQUITY
20200203,5.98268639800013,5.63405337817466,0.342530014336863,4.48282093742328,4.22575410332979,0.517673073476997,0.655953665714916,0.275042994446048,0.418256300640611,0.744185057379678,0.543171051828614,0.589492551490543,0.737195812200759,2.15715614501241,0.382494303583652,0.233658744821392,2.72727549439722,0.598233017416221,0.210619642566688,0.780598321866334,0.85499312212024,0,0,0,0,0,0,0,0,0,0,0,0,0,0,0,0,0,0,0,0,0,0,0,0,0,0,0,0,0,0,0,0,0,0,0,0,0,0,0,0
20200204,5.68751012146838,0.662224367606104,0.366970172237406,4.52050903653918,4.13373199827709,0.495164584422428,0.638082879024802,0.293069375603828,0.377803238587021,0.443984542021632,0.467203702496649,0.65811843560445,0.601759749396594,1.66491801399003,0.416932089773485,0.260162485700931,3.45184405414835,0.584216706651348,0,0.507687893876803,0.77489378205037,0.947202470418613,0,0,0,0,0,0,0,0,0,0,0,0,0,0,0,0,0,0,0,0,0,0,0,0,0,0,0,0,0,0,0,0,0,0,0,0,0,0,0
20200205,0.597289349492275,0.741274479278668,0.422994050113494,4.10713896241187,4.13951408181884,0.574574009678675,0.639057335655084,0.227594762133341,0.305236158681099,0.588605436685567,0.479655407969308,0.508244191881728,0.94257281830973,1.89433483064676,0.478102518018285,0.362072230121174,2.84413443300471,0.631825375293178,0.19459338024157,0.574488533991582,0,0.894507232217966,0,0,0,0,0,0,0,0,0,0,0,0,0,0,0,0,0,0,0,0,0,0,0,0,0,0,0,0,0,0,0,0,0,0,0,0,0,0,0
20200206,2.11132278385427,0,0.398886320089076,0.766753226540834,0,0.610886722945684,0.687508850378606,0.446749078002706,0.312595161670367,0.51354248575272,0.566469622066063,0.456092797551094,0.771744503516244,0.64294749310646,0.455043557366497,0.293045427829803,3.30071486980904,0.685578539313152,0.218119644601116,0.598455132771831,0.670381729222142,0.395407405007938,0.440606860280576,0,0,0,0,0,0,0,0,0,0,0,0,0,0,0,0,0,0,0,0,0,0,0,0,0,0,0,0,0,0,0,0,0,0,0,0,0,0
20200207,1.70721562128864,0.590800981569762,0.215913705996939,0.759213786392705,0,0.450042841444878,0.685972115099292,0.307929473297899,0.374739183340174,0.78224019632185,0.544608856488934,0.450455555456402,0.515536061655034,0.747102085643075,0.329038294930045,0.42824235832245,3.80665030197877,0.634166474724656,1.24954609333371,0.742008216010806,0,0.310301213565846,0.353921676832346,0,0,0,0,0,0,0,0,0,0,0,0,0,0,0,0,0,0,0,0,0,0,0,0,0,0,0,0,0,0,0,0,0,0,0,0,0,0
20200210,0.498582636285456,0.62379244257502,0.402306578462191,0.663693152618683,0,0.826627507429022,0.694044561659641,0.37219378110928,0.551367677544921,0.751365507661806,0.588722178960878,0.440750807774636,0.576003897780112,0.73101684041657,0.400354364318239,0.356743071478355,3.48148891297753,0.704648160129858,1.00060157941146,0.528452333067697,0,0.36633360708282,0.316643992792717,0,0,0,0,0,0,0,0,0,0,0,0,0,0,0,0,0,0,0,0,0,0,0,0,0,0,0,0,0,0,0,0,0,0,0,0,0,0
20200211,0.520975709172171,0.612575362006958,0.40191341695764,0.372561924056759,0,0.565097207863653,0.64275191594159,0.314326176027491,0.521536516233431,0.710065653365277,0.476314720254321,0.414123081138179,0.548179473766472,0.916624538384471,0.366286027525232,0.268087593878632,1.99049333750231,0.668444076734473,1.10059077999903,0.839204548896408,0,0,0.241835280501446,0.36234786072543,0,0,0,0,0,0,0,0,0,0,0,0,0,0,0,0,0,0,0,0,0,0,0,0,0,0,0,0,0,0,0,0,0,0,0,0,0
20200212,0,0.637101590583549,0.339339494919281,0.727728317629378,0,0.642529927922859,0.77088961771513,0.308291326649783,0.664740669536044,1.15256395583762,0.591584617952219,0.464748120770271,0.541568205616601,0.847817943053904,0.465796756657942,0.493620137472035,2.86653119407333,0.723494676663717,1.25021222742546,0.749594822292231,0.867396136918875,0.344442500878585,0.337134893267476,0,0,0,0,0,0,0,0,0,0,0,0,0,0,0,0,0,0,0,0,0,0,0,0,0,0,0,0,0,0,0,0,0,0,0,0,0,0
20200213,0,0,0.39132932540471,0.555367816580566,0,0.637498263343354,0.745426057908116,0.232536366876681,0.38379687130888,1.04379350720014,0.641919463764773,0.410110479062459,0.463336023752371,0.984610847115251,0.427513002099359,0.435967312139239,3.08587988390321,0.785244300334529,0.256296278522258,0.751503698759,0.830120774082776,0.371544438133274,0.309686280171424,0,0.484203388258997,0,0,0,0,0,0,0,0,0,0,0,0,0,0,0,0,0,0,0,0,0,0,0,0,0,0,0,0,0,0,0,0,0,0,0,0
20200214,0,0,0.480516390657316,0.376238920226281,0,2.39738586843907,0.730413828091954,0.26029380465309,0.48508302150639,0.50870665980667,0.444796549071346,0.415988274263321,0.479458614635066,1.08803161108924,0.507338421769455,0.289068091194404,3.53149598022397,0.734206045909025,1.69423422716613,0.789437451617947,0.837291336148402,0.406341170825848,0.308074702998164,0,3.59853209147027,0,0,0,0,0,0,0,0,0,0,0,0,0,0,0,0,0,0,0,0,0,0,0,0,0,0,0,0,0,0,0,0,0,0,0,0
20200217,0,0,0.555272245645149,0.545622407600593,0,2.51010609287856,0.729342283978754,0.250156706268468,0.533728543439838,0.531797348859395,0.468365254719063,0.511224264424064,0.583496794923981,2.08474287281244,0.366396820559125,0.412110874124693,4.36112535691538,1.01233267317941,1.86168447803087,0.74401007108985,0.69555579892618,0.370407865094062,0.35579793777541,0,0,0.227930384498741,0,0,0,0,0,0,0,0,0,0,0,0,0,0,0,0,0,0,0,0,0,0,0,0,0,0,0,0,0,0,0,0,0,0,0
20200218,0,0,0.4923920340629,0.631078695379716,0,0.468616998351517,0.747165759027608,0.409563572032321,0.530341557084949,0.581910347439679,4.99091827769691,0.484720240621651,0.522318438416895,1.25941382810859,0.394391706783712,0.552563820296325,3.93357915257329,1.63333619828816,1.92760693918735,0.974530167438138,0.557875951140512,0.371843281312286,0.335557782840858,0,0,0.248032647198669,0,0,0,0,0,0,0,0,0,0,0,0,0,0,0,0,0,0,0,0,0,0,0,0,0,0,0,0,0,0,0,0,0,0,0
20200219,0,0,0.524462861345436,0.640276066219306,0,0.479172930639673,0.707230002053777,0.520498105743045,0.397020044477989,0.614166504984276,5.08795035452663,0.409719528967394,0.461973257054864,0.712982262286366,0.523369969845516,0.452835173991744,3.35963635265056,1.16385959679819,2.04664950484355,0.904397814441624,0.631210240698219,0.451037614319593,0.459586683571099,0,0,0.215721999069632,0,0,0,0,0,0,0,0,0,0,0,0,0,0,0,0,0,0,0,0,0,0,0,0,0,0,0,0,0,0,0,0,0,0,0
20200220,0,0,0.503038812288111,0.634169310348321,0,0.579488416529497,0.64356499251545,0.602197738230051,0.374604268846754,1.34746095808494,0.529026305218216,0.419461167971512,0.518436519552885,0.907560458578912,0.442812552198968,0.355335807749346,3.19258752975684,0.897903101643238,2.35551121421491,0.762172794338549,0.558419902758171,0.346502954336097,0.367946429099765,0,0,0,0.249176584842148,0,0,0,0,0,0,0,0,0,0,0,0,0,0,0,0,0,0,0,0,0,0,0,0,0,0,0,0,0,0,0,0,0,0
20200221,2.10515267398203,0,2.15304105690789,0.305909004846427,0,0.513593762847659,0.685056635120806,0.554581773022059,0.262896192356822,0.761772886853203,0.703184465827566,0.441354898805679,0.428220164649356,0.359959413521563,0.384656929119419,0.45437860530031,3.2156478886522,1.21334368516652,2.62979419008932,0,0.660586291066901,0.322008457267134,0.346456547808301,0,0,0.24019663170454,0,0,0,0,0,0,0,0,0,0,0,0,0,0,0,0,0,0,0,0,0,0,0,0,0,0,0,0,0,0,0,0,0,0,0
20200224,2.65330986123126,0.618109999106738,0.386501865475773,1.45943352078084,0,0.501795971473783,0.620727096472637,0.460357364945112,0.337701883296312,0.69690101891118,5.4322730339838,0.37893914466404,0.466053319735449,3.33701279549619,0.34676314209549,0.362055139795404,0.549298420653995,0.698690918763282,0.56787687136358,0,0,0,0.286796757011116,0.386428835881157,0,0,0,0.328461363659244,0,0,0,0,0,0,0,0,0,0,0,0,0,0,0,0,0,0,0,0,0,0,0,0,0,0,0,0,0,0,0,0,0
20200225,2.46603213269546,0.553826261584014,0.320767799895571,2.23661202394733,0,0.546592361586878,0.63432011772528,0.581639455986965,0.393757672045014,0.621758636528012,1.07522614632492,0.473553674471135,0.394636446633666,2.95549290931305,0.482228713490284,0.39672470485657,0.603743893400753,0.56068400634955,0.897359558837407,0,0,0,0.344521982947031,0.468796810299035,0,0,0,0.315460740523233,0,0,0,0,0,0,0,0,0,0,0,0,0,0,0,0,0,0,0,0,0,0,0,0,0,0,0,0,0,0,0,0,0
20200226,6.03453614900674,0.440846062189011,0.397137712882376,1.44195257159704,0,0.585329298636966,0.610488877226653,0.619821716055748,0.258008758599218,0.605730515753195,0.394528952102049,0.523322870261603,0.364487302269092,2.8089282703021,0.384473557952805,0.340230735221011,2.72763062613615,0.714840167767241,0.402999586482475,0,0,0,0.304691142881828,2.88974122169644,0,0,0.266077185802264,0,0,0,0,0,0,0,0,0,0,0,0,0,0,0,0,0,0,0,0,0,0,0,0,0,0,0,0,0,0,0,0,0,0
20200227,2.95580860615028,0.64473616454617,0.618574562227305,2.33941985186176,0,0.534834909024931,0.719401329350637,0.544210712541706,0.576860591639825,0.690718183820819,1.2972700775072,0.451964344637686,0.578724675128796,2.97025332347997,5.0778798389896,0.250539401370091,0.619290619899824,0.655357755581993,4.63238674091667,0,0,0,0.443439394073551,0.588409693317399,0,0,0,0,1.49441717763738,0,0,0,0,0,0,0,0,0,0,0,0,0,0,0,0,0,0,0,0,0,0,0,0,0,0,0,0,0,0,0,0
20200302,2.25000503247591,3.24241500780627,0.581836836937405,4.46188302387176,4.02159336131176,2.62643241022614,0.783033175190079,0.908516794791402,0.641346938425405,1.45168666851567,1.53387208778918,0.91745689007028,0.457613008965923,1.42149800102099,4.19318396136111,0.412870309564092,1.65196821506544,6.03410514997808,0,0,0,0,0.387490031328951,0.608204581444953,0,0,0,0,0.76657719249262,0,0,0,0,0,0,0,0,0,0,0,0,0,0,0,0,0,0,0,0,0,0,0,0,0,0,0,0,0,0,0,0
20200303,2.55929513447579,1.06009866065331,0.775992259695135,4.27244169748376,4.02159336131176,0.625026099954459,0.999299774551506,0.490692029244071,0.687733303188415,1.33021975033806,0.661957483221185,0.914950678462874,0.546236479988534,1.49849886668321,4.80590888431305,0.538785394956544,5.62816931807459,0,0,0,0,0,0.387307839681433,0.582906381287788,0.299132372728649,0,0,0,0.668917217774175,0,0,0,0,0,0,0,0,0,0,0,0,0,0,0,0,0,0,0,0,0,0,0,0,0,0,0,0,0,0,0,0
20200304,5.54202336572774,0.772531072747377,0.662073482818547,0.883277957970344,0,0.567847568773852,0.756491848132873,0.584801987554061,0.707259054570585,1.34042849196992,5.41248815328566,0.518378937543901,0.590132042561954,3.75458771274995,5.03790533165342,0.482319272612369,4.54612638088249,0,0,0,0,0,0.576807948674937,0.505544444709817,0.298713164433356,0,0,0.376096324710681,0.861293777872409,0,0,0,0,0,0,0,0,0,0,0,0,0,0,0,0,0,0,0,0,0,0,0,0,0,0,0,0,0,0,0,0
20200305,0.68801039946625,0.758572364809329,0.681752259810436,4.58584514385286,0,0.545819829906636,0.770815143184877,0.610041393989581,0.696468571725554,1.45801375675864,0.42343494917256,0.455727601186749,0.624985352516473,3.57316117199443,0.60429547770416,0.389871276593267,3.97939532679466,0,0,0,0,0,0.404952754370827,0.486840530623489,0.409213799678411,0,0,0.418793423800428,0.987248026050917,0,0,0,0,0,0,0,0,0,0,0,0,0,0,0,0,0,0,0,0,0,0,0,0,0,0,0,0,0,0,0,0
20200306,0.697645354330202,0.917229934098675,0.684796053445432,2.58145348681882,3.8314564625532,0.694223037871306,1.12455844770083,0.528510593371051,0.925731627377585,1.47033818022022,0.607333575551156,1.1713351792163,0.656653431051769,3.89164883794871,5.92210587109068,0.626251402956943,2.99101025741143,0,0,0,0,0,0.736774436753495,0.597074040277599,0.305465754271238,0,0,0,1.01069652325415,0,0,0,0,0,0,0,0,0,0,0,0,0,0,0,0,0,0,0,0,0,0,0,0,0,0,0,0,0,0,0,0
20200309,0.846703411147115,1.06878851070707,1.02040165653654,3.84657660597279,2.64912855945309,0.738722823005044,1.30852203476911,0.732036642604456,1.03422187266909,1.20737731920156,0.583490249187907,1.34787107977709,0.783418095209691,3.21150840202774,6.2916905031995,0.684677604048233,4.29895609991127,0,0,0,0,0,0.432290091019824,0.762668292180744,0.349755595038242,0,0,0,0.727741787456234,0,0,0,0,0,0,0,0,0,0,0,0,0,0,0,0,0,0,0,0,0,0,0,0,0,0,0,0,0,0,0,0
20200310,3.04859361422332,1.27080192603016,0.992421374136641,4.01339174818033,2.72010998738935,0.855162793216056,1.1666697786761,0.703248883959498,0.939754706544537,1.46332272596894,5.14298430742377,1.31576168135977,0.835969123541295,1.33560689754146,5.90096239648109,0.60318188589624,2.30497791530639,0,0,0,0,0,0.460085816679402,0.502100895493173,0,0,0.534271647411224,0,1.35871514190721,0,0,0,0,0,0,0,0,0,0,0,0,0,0,0,0,0,0,0,0,0,0,0,0,0,0,0,0,0,0,0,0
20200311,0.721010955704119,1.03000978001216,1.01759718774447,4.80059951542205,2.77221061905238,0.818976861967028,1.18355675929309,0.789095115851762,0.805761278742206,1.47037410015352,5.52261974775864,1.43571861133184,0.781416736586198,2.0087517467208,5.44156732062229,0.631025856870654,4.86038797430844,0,0,0,0,0,0.432623077798787,0.637542233032599,0,0,0.572291715644634,0,0.729021476360578,0,0,0,0,0,0,0,0,0,0,0,0,0,0,0,0,0,0,0,0,0,0,0,0,0,0,0,0,0,0,0,0
20200312,0.889865883215139,1.45147647210159,1.19566400135971,4.79580676633458,2.84712137747103,1.2460107106251,1.3636581233232,0.654989458794044,0.968378374781781,1.36265348100424,0,6.75103834018967,0.967285155333222,1.07042209662027,5.15411792832177,0.778919245623798,0.912269837012246,0,0,0,0,0,0,0.655449492645618,0,0,0,0,1.28172258657562,1.94929800431792,1.00548636252386,2.31682111199617,0,0,0,0,0,0,0,0,0,0,0,0,0,0,0,0,0,0,0,0,0,0,0,0,0,0,0,0,0
20200313,1.25262606957468,1.41656673681704,1.11133890427543,5.32502565648305,4.49428587272178,1.45032199000135,1.43884449830397,0.685644395992111,1.04917966539691,1.60694397930706,0,1.21694905310201,0,0,4.24660803511799,0,0,0,0,0,0,0,0,0.852086664193464,0,0,0.598136447515636,0,1.581363468186,1.38257244852106,1.36646479572182,1.93626137447726,5.19269851066677,6.47961105453199,0.482628576156834,0,0,0,0,0,0,0,0,0,0,0,0,0,0,0,0,0,0,0,0,0,0,0,0,0,0
20200316,1.47641436283053,1.46400083937338,1.11674391581463,5.43156409366732,5.17182708232573,1.33276624822289,1.39588749956991,0.679218039920451,1.23657581174228,1.79344100849829,0,6.85709517827824,0,0,5.13676617455062,0,0,0,0,0,0,0,0,1.04169080304559,0,0,0,0,1.45154650990631,2.73125628566377,0.984017339862287,3.77611493285704,4.9868155960034,2.16749697530214,0.53929082062359,1.54952657552781,0,0,0,0,0,0,0,0,0,0,0,0,0,0,0,0,0,0,0,0,0,0,0,0,0
20200317,1.46953490925199,1.83574560476224,1.28559052824482,5.31166361453998,4.1629640808959,1.81524785586288,8.13447241776788,0.804846499824764,1.44573275896829,1.85945085281407,0,0,0,0,6.45291911508205,0,0,0,0,0,0,0,0,1.20892883552098,0,0,0.716129570945106,0,1.67334302396256,2.72565045806236,1.38246458147622,2.32875865148919,4.9491208271703,6.3201229251257,0,1.87892601020764,4.84089018926689,0,0,0,0,0,0,0,0,0,0,0,0,0,0,0,0,0,0,0,0,0,0,0,0
20200318,1.62543892322194,2.09639013165836,1.34771336405509,4.85677583331081,5.39955535738038,1.90593238502156,8.17265693926388,1.35795783698675,1.54285765387443,2.15311746675562,0,0,0,0,1.34308469548217,0,1.74640002957621,0,0,0,0,0,0,1.17476860236842,0,0,0,0,1.49813511911562,2.40015300980631,1.40369727145149,4.21460595154505,5.18331765685691,2.35894175101835,0,1.93289977829269,5.02398259664018,0,0,0,0,0,0,0,0,0,0,0,0,0,0,0,0,0,0,0,0,0,0,0,0
20200319,2.52944806854361,2.40518461820171,0,4.67711765442774,6.88366470367607,2.38730734171439,2.66776912083548,1.5940893720741,0,0,0,0,0,0,1.68215484128296,0,0,0,0,0,0,0,0,1.92707465656336,0,0,0,0,0,2.01397826708355,1.39440564811599,2.78477080500504,6.06641958401394,2.71909649711964,0,2.52107851889255,4.78239296107497,2.11102595361618,7.9858179442667,1.94108232460763,6.70779024316597,4.30849122097466,0,0,0,0,0,0,0,0,0,0,0,0,0,0,0,0,0,0,0
20200320,2.319442777701,3.25260444618895,0.568874325036052,4.29869728623417,5.97066775600913,3.20866379671165,3.24984319649983,1.04715421997394,2.48358964509282,0,5.16787098594904,0,0,0,1.42903544751115,0,0,0,0,0,0,0,0,1.91711529963864,0,0,0,0,2.9228740923717,1.31008774817382,1.70625136630244,4.00568734221735,4.41128233151902,2.68189443874087,0,2.42575512860473,2.68865468838577,0,0,0,0,0.633751817597872,0,0,0,0,0,0,0,0,0,0,0,0,0,0,0,0,0,0,0
20200323,2.72994496429714,3.75737843188972,0,6.14951374316313,6.78149601891951,2.14273224936007,7.18881001042049,1.76243201007295,1.45006881052649,0,0,0,0,0,0,0,0,0,0,0,0,0,0,2.23525710850166,0,0,0,0,0,1.92541827344583,2.37689216231165,4.22342304353228,5.52596726609026,9.11316386551517,0,2.91137589434292,2.09979828920996,1.85295670172315,0,2.03501038188517,7.07572006561016,0.97548502331912,6.35776623532273,0,0,0,0,0,0,0,0,0,0,0,0,0,0,0,0,0,0
20200324,2.42652798714752,4.71342356080375,1.18273518430493,5.44563301554953,6.21980667943648,3.75187843101175,4.28345081232244,1.4679635176945,2.3652972598499,0,0,0,0,0,9.57438693390694,0,0,0,0,0,0,0,0,2.06856937424048,0,0,0,0,3.9331857142228,1.08655747421056,1.90910446065735,4.77704771677339,5.89936162435804,9.5932982721113,0,2.68915565980802,2.18493408433862,0,0,0,7.45941254753697,0,5.94348994220498,0,0,0,0,0,0,0,0,0,0,0,0,0,0,0,0,0,0
20200325,2.67628608807804,5.03592508218534,1.0441289193259,3.92076077312592,5.34195906612065,2.75918433594759,4.57227459221609,1.37838107160751,2.67360023856469,2.88750464021998,7.2162211262205,0,0,0,5.38311110874886,0,0,0,0,0,0,0,0,2.4011293615204,0,0,0,0,2.61495767023476,3.65351458266965,2.18764960847188,5.00261502549745,4.35085918498605,5.65218715179286,0,3.30453659477916,2.70962699155532,0,0,0,0,0,0,0,0,0,0,0,0,0,0,0,0,0,0,0,0,0,0,0,0
20200326,2.33475402634294,5.04984335526427,1.00766723262992,4.30595199518731,5.25922191336883,4.1497954243086,4.52062990879289,1.59517300251066,1.9013772534397,2.9013256205846,0,0,0,0,5.5865080021391,0,2.37122824672669,0,0,0,0,0,0,2.28300537072321,0,0,0,0,2.79727999684986,3.59825878878285,2.45215982373779,5.03792914247535,3.25137470173604,2.81470892382009,0,3.21835750078007,1.47176766534137,0,0,0,0,0,0,0,0,0,0,0,0,0,0,0,0,0,0,0,0,0,0,0,0
20200327,2.58078518904092,3.83472852883212,2.13005377550534,3.8542329847548,5.22559884029283,3.07404388386485,4.23769979642203,1.5458441895657,2.37827879185836,2.94911780600611,7.03256632172922,0,0,0,2.14668245121652,0,0,0,0,0,0,0,0,2.27385755185412,0,0,0,0,3.0364475678063,3.69499837583275,2.41576714948371,5.12426088165906,3.230566246905,2.7444734392347,0,3.27219664543239,1.56055530130655,0,0,0,0,0,0,0,0,0,0,0,0,0,0,0,0,0,0,0,0,0,0,0,0
20200330,2.55730114372957,4.02170472303354,4.22420588356913,3.89031820768348,7.14750284097158,3.46642849777081,4.16700046470784,1.53208971171997,2.32076425812372,2.78299080683744,7.00514599816499,0,0,0,2.71318583888973,0,0,0,0,0,0,0,0,2.14209797221723,0,0,0,0,2.27831013123031,3.8649311268625,2.26824848323818,5.11434216630512,3.23489767889026,2.74105036286205,0,3.76082768502886,1.65818816719517,0,0,0,0,0,0,0,0,0,0,0,0,0,0,0,0,0,0,0,0,0,0,0,0
20200331,3.47233459527366,3.74529698368673,2.20840608516725,6.16355687429522,5.4860389215855,3.17638910145881,4.70618656248575,1.62313165623318,2.53833274175374,3.06385000202937,6.97831180035634,0,0,0,2.15588307783802,0,2.45354882866781,0,0,0,0,0,0,2.34201473540865,0,0,0,0,2.4305526487572,3.77869026003778,0,5.09552018570869,2.73804515259401,2.82416152108425,0,3.78504957955211,1.16043827510821,0,0,0,0,0,0,0,0,0,0,0,0,0,0,0,0,0,0,0,0,0,0,0,0
20200401,2.35478299479794,3.88847045329307,1.09656485175806,4.11286017061271,5.38224716182638,3.30593328736244,4.86450358145689,1.68426447088883,2.53524092220079,3.26865685491818,2.9376821675443,0,0,0,2.88817999756014,0,3.14162050369178,0,0,0,0,0,0,2.24438069101722,0,0,0,0,2.3962437172865,4.11474895484555,0,5.27822646589197,3.10876634157455,2.72031189196008,0,2.94273923136442,1.43232471575292,0,0,0,0,0,0,0,0,0,0,0,0,0,0,0,0,0,0,0,0,0,0,0,0
20200407,2.23686014920783,4.26241893198927,4.55444442791835,3.85239125602005,5.74923174936648,3.53135404568857,5.11604697680166,1.61243167695999,2.58608642253115,2.60154534622074,2.76466148671206,0,0,0,2.84212294551609,0,2.845491540419,0,0,0,0,0,0,2.78681265669883,0,0,0,0,2.81279379012842,3.94720009153757,0,5.35871494037437,3.33102698136709,2.86594580171316,0,3.82623597689097,1.39796304922699,0,0,0,0,0,0,0,0,0,0,0,0,0,0,0,0,0,0,0,0,0,0,0,0
20200408,2.29495875832129,4.3353580546982,4.21639044599067,3.76369639755248,5.92495824934527,3.69916412789166,5.14917931051243,2.17538196378139,2.49744366446051,2.99771305711539,6.98033831874443,0,0,3.45381014305689,8.83886232904017,0,0,0,0,0,0,0,0,2.6641099924027,0,0,0,0,2.18495028860242,4.03825753890406,0,5.43490822909807,3.76796825355934,2.18882758545108,0,3.50801601716404,2.0988836772332,0,0,0,0,0,0,0,0,0,0,0,0,0,0,0,0,0,0,0,0,0,0,0,0
20200409,4.8284082779953,4.46596643751111,5.767771214084,3.74717586155512,6.02995198917409,3.96111027931862,4.80119595480935,2.06379938289234,2.44474444034658,2.53259587062165,2.12941488456299,0,0,3.66393882915649,2.9237193595815,0,0,0,0,0,0,0,0,2.74308682356588,0,0,0,0,2.19088961395526,4.01355468269455,0,5.49942349798227,3.39893958902252,3.58724153680707,0,3.96168812632645,1.93447861535857,0,0,0,0,0,0,0,0,0,0,0,0,0,0,0,0,0,0,0,0,0,0,0,0
20200414,2.30381477864542,4.96715923973313,5.76719423238565,5.85485969407032,3.5385074142783,3.88340518971252,5.00784681412081,2.17671122662817,2.59066563823113,2.93768192406754,2.97695638720444,5.08548235002181,0,3.832209464054,3.18320187270524,0,3.39368768093165,0,0,0,0,0,0,3.25898394986978,0,0,0,0,4.57608093570838,4.76073295161243,0,5.453440417423,3.57357460765275,0,0,0,1.87991187643184,0,0,0,0,0,0,0,0,0,0,0,0,0,0,0,0,0,0,0,0,0,0,0,0
20200415,2.49599559482257,5.06312662678224,2.19556125167107,5.84474737467784,3.59106183821521,3.7942007152168,5.12796116905413,2.84226407515443,2.35981794391778,6.74325958249566,2.89224234680775,5.2093442316915,3.55873914896139,3.86221225276816,2.64409111498308,0,3.31306037034895,0,0,0,0,0,0,2.77638167407245,0,0,0,0,4.38648279093741,4.85233111077331,0,7.55272613251664,2.63448430237923,0,0,0,0,0,0,0,0,0,0,0,0,0,0,0,0,0,0,0,0,0,0,0,0,0,0,0,0
20200416,3.3299646955854,5.06759260575432,2.35109445896931,4.52007223560813,3.72065189375587,5.42692392130726,5.10381056427009,2.71791421478205,1.76585954437564,3.76023174390819,3.46836373852818,4.56835500254516,3.74284256264249,3.73524589086564,3.33289488977352,0,3.29463011540678,0,0,0,0,0,0,2.4337082566477,0,0,0,0,3.27721779438166,4.92653740852069,0,5.62383094254929,2.53209220347539,0,0,0,0,0,0,0,0,0,0,0,0,0,0,0,0,0,0,0,0,0,0,0,0,0,0,0,0
20200417,3.56097998108869,4.78705000688178,1.84416203339537,4.5151923761988,4.3395710171692,5.46216252618303,4.89335064751155,1.87182519615207,2.48148539816595,2.80036497348803,5.94243611719041,4.7072009333662,3.70442418447739,3.91149149080919,3.31360299445579,0,3.3364943088069,0,0,0,0,0,0,2.58591932433792,0,0,0,0,3.84678807908194,5.09791528327234,0,5.63849596246737,2.4144876628949,0,0,0,0,0,0,0,0,0,0,0,0,0,0,0,0,0,0,0,0,0,0,0,0,0,0,0,0
20200420,3.53525564453268,4.68764070459735,2.65840555580188,4.44325893242636,3.83001791754161,5.46556378394709,5.16241148273435,2.11043899484155,2.17019092771827,3.1327949058064,5.82126771933513,4.74359399664699,4.24269157591015,3.90426096290331,3.29265085882625,0,2.22972076174211,0,0,0,0,0,0,2.80357837450124,0,0,0,0,3.1970152474885,5.13387489208615,0,5.65310892791921,2.40126348280217,0,0,0,0,0,0,0,0,0,0,0,0,0,0,0,0,0,0,0,0,0,0,0,0,0,0,0,0
20200421,4.11214563176308,4.59990653494702,2.25834614749786,4.80785504752669,4.33937162918988,4.46551462552323,5.14246179652432,2.2372565829573,1.77451208375639,3.2029104634885,6.02400027338921,0,0,4.32379167981503,3.60944938267233,0,2.3698232835995,0,0,0,0,0,0,3.3703752736633,0,0,0,0,2.87016908065047,5.0319734975591,0,3.63377473990441,2.6986508412923,2.83649909262666,0,3.435943261098,0,0,0,0,0,0,0,0,0,0,0,0,0,0,0,0,0,0,0,0,0,0,0,0,0
20200422,3.73904715491576,4.59765953232141,2.16089852044513,4.70760346849304,4.44005549519661,5.55723653317251,4.99895778334218,2.17937505288802,2.05584982344202,2.63655424970849,3.25853724096564,0,0,1.59573070309606,3.86656773856695,0,2.56762170353163,0,0,0,0,0,0,3.37245269676427,0,0,0,0,3.41140728101904,5.04297607519495,0,3.39625124930925,2.54257907007569,2.62603952963716,0,3.38303402633141,0,0,0,0,0,0,0,0,0,0,0,0,0,0,0,0,0,0,0,0,0,0,0,0,0
20200423,3.53888272075316,4.74450025548968,2.04871490570595,4.60220375550629,4.22161505808857,5.55369273872531,4.90880624293765,2.24622141192228,2.13848724134115,2.43394767834707,4.5380854342599,0,0,4.26027991667404,4.08582124070584,0,2.11933826998383,0,0,0,0,0,0,3.53159296042489,0,0,0,0,3.55247853002479,5.08421390977181,0,5.75134174807284,3.37997140310129,2.2322697509415,0,3.91719667145314,0,0,0,0,0,0,0,0,0,0,0,0,0,0,0,0,0,0,0,0,0,0,0,0,0
20200424,2.80553279822073,4.47705013500411,2.25564354447702,4.5980499020272,4.39978288698165,5.55393064484857,5.33290044239265,2.21037235910776,2.3979496559645,2.93770504631568,4.55199728285148,0,0,4.19552095640216,4.17313008919818,0,2.44815976333741,0,0,0,0,0,0,4.12770556168212,0,0,0,0,3.63187220070498,5.14273388197454,0,5.80321967844193,3.58056886260476,2.28547680504481,0,4.30704988791459,0,0,0,0,0,0,0,0,0,0,0,0,0,0,0,0,0,0,0,0,0,0,0,0,0
20200427,3.38781135185882,4.61523319337468,2.47571933147169,4.65992662592669,3.99284508231813,5.79958295388226,5.01012271129293,2.53572835973959,2.34389059848246,3.51351764859396,4.48879567410974,4.60891797503774,3.97362832626863,4.15241091047057,3.37379954079946,0,2.28397484671699,0,0,0,0,0,0,3.52032416644448,0,0,0,0,3.57598361307954,5.1291746797779,0,5.75505846131195,3.91688789239864,0,0,0,0,0,0,0,0,0,0,0,0,0,0,0,0,0,0,0,0,0,0,0,0,0,0,0,0
20200428,3.69645884824671,4.76110976672888,2.75309498057287,4.74193411913188,4.57941352505177,5.72437067575704,5.07201610409061,2.51596776231872,2.30977166069923,3.7207012731683,4.55578784825642,4.51434530431244,4.10476179893473,4.30374091836208,3.39764753203527,2.45393611420388,2.80771190453486,0,0,0,0,0,0,0,1.41151665149006,0,0,0,3.41109050977697,0,0,5.91632541290901,3.94860564467254,0,0,0,0,0,0,0,0,0,0,0,0,0,0,0,0,0,0,0,0,0,0,0,0,0,0,0,0
20200429,3.89904314912033,5.00614756549475,2.76640998098127,4.40693029500622,2.87636674523483,5.65513785445423,5.13326538742688,2.38626756911337,2.34754041237415,3.38484316433456,4.42904327099768,4.54766183234986,3.84535323331567,1.76224798408084,2.78594335525334,3.14756473548254,2.6168402325477,4.1337382159572,0,0,0,2.91068115229723,0,0,1.7443141453554,0,0,0,4.26637183423486,0,0,0,0,0,0,0,0,0,0,0,0,0,0,0,0,0,0,0,0,0,0,0,0,0,0,0,0,0,0,0,0
20200430,3.8625740651511,5.04106675710636,2.53830953211781,4.52003411212226,2.98692764219991,6.01689500381599,5.15721892698895,1.8642768435846,2.30495294306177,3.79171015545412,3.52809567389494,4.67618013944745,3.77010660982904,4.36457301394616,2.92122719071678,3.06627515067385,2.52376243158639,4.17018007691686,0,0,0,3.24326730153001,0,0,1.56683124029818,0,0,0,3.7612971745052,0,0,0,0,0,0,0,0,0,0,0,0,0,0,0,0,0,0,0,0,0,0,0,0,0,0,0,0,0,0,0,0
20200506,3.42547803630996,4.69025575510866,2.54035536575588,4.20694445956297,4.75891244249631,5.87333936250822,5.2964383656552,2.65435090992964,2.01856355511509,3.68230076916522,4.01846668352937,4.73035386212301,4.45930303452176,4.01536413586103,2.96651298013981,2.6337680015649,2.54880041630483,3.95447579877924,0,0,0,3.49399588126385,0,0,1.1526824844074,0,0,0,0,0,0,0,4.0776788146031,0,0,0,0,0,0,0,0,0,0,0,0,0,0,0,0,0,0,0,0,0,0,0,0,0,0,0,0
20200507,3.87814858881822,4.5973442369708,2.6009926790876,4.83982014518902,4.30859592152826,5.61584735604293,5.39353926595752,2.64826627912689,2.25969153603734,4.27492535041671,3.26341860474981,4.85690279484077,3.94423612119198,4.24148581771896,2.82426650274033,2.73357143453463,2.23187520579077,3.93148380904036,0,5.14991897901461,0,0,0,0,0.70760919591411,0,0,0,0,0,0,0,3.97424799597389,0,0,0,0,0,0,0,0,0,0,0,0,0,0,0,0,0,0,0,0,0,0,0,0,0,0,0,0
20200508,3.9206154069282,5.59525281102924,2.59415744854311,4.36276612290123,4.33420558701524,5.52467571753645,5.19251228962351,2.76169758275807,2.12109697990679,2.88453299212906,4.54527937473817,4.77069899704781,4.36549513939033,1.70963008296196,2.84812842855409,2.85809867159287,2.53397487101283,0,0,4.15582967198407,0,0,0,0,0.718041173908935,0,0,0,0,0,0,0,3.84113509180419,0,0,0,0,0,0,0,0,0,0,1.56793519415139,0,0,0,0,0,0,0,0,0,0,0,0,0,0,0,0,0
20200511,3.4825736817435,4.05472427790814,2.36279878052713,0,4.31172764643308,5.90626296026123,5.79303397019966,2.52023881217061,2.2074597445083,2.60752930510859,3.9896961815732,4.61321120215873,4.54596316871513,1.46222070021467,1.52047650261734,2.64375343427241,4.08342154737918,3.41310454964014,0,4.60066828313117,0,0,0,0,0.841649989333839,0,0,0,0,0,0,0,3.70290187966279,0,0,0,0,0,0,0,0,0,0,1.58838107379936,0,0,0,0,0,0,0,0,0,0,0,0,0,0,0,0,0
20200512,4.3070622431497,4.61051535412677,2.46287825031259,4.95893633019668,4.14296092229236,5.89099855610311,5.84441020337728,2.11269722828003,2.86711058806913,3.5828965290676,6.82292942984318,4.55909086229783,4.96375317639666,1.79605042862288,2.8280853878785,2.75455498062627,2.59663868705307,4.47657288337973,0,0,0,0,0,0,0.801119437527282,0,0,0,0,0,0,0,4.4406563585718,0,0,0,0,0,0,0,0,0,0,1.63621212970311,0,0,0,0,0,0,0,0,0,0,0,0,0,0,0,0,0
20200513,3.38453202030247,4.64843166933439,4.13183584160409,4.54473069690461,4.40920540931003,5.74887960113251,4.95429294195021,1.65317191006773,2.2294969710194,4.35945042546881,6.33489977962406,4.28875237275086,3.64673329525627,1.80922599942301,3.23490377630548,2.8421121591105,2.87816045974428,3.42206483261295,0,0,0,0,0,0,1.0029301643714,0,0,0,0,0,0,0,4.62886035917157,0,0,0,0,0,0,0,0,0,0,1.69427592800681,0,0,0,0,0,0,0,0,0,0,0,0,0,0,0,0,0
20200514,3.86806482936798,5.74666118589622,4.93261463396837,7.45557955960914,4.53148790578073,5.66504789852603,5.15965105384577,2.66176062585998,2.66023087501163,3.85635222077423,6.74243665591601,4.52263290873632,4.23961127274795,3.99839784104562,3.00102919276501,3.53326950608416,3.54025781210097,0,0,0,0,0,0,0,1.33293694751416,0,0,0,5.0888784313888,0,0,5.86807984341106,4.37198238216511,0,0,0,0,0,0,0,0,0,0,0,0,0,0,0,0,0,0,0,0,0,0,0,0,0,0,0,0
20200515,3.60885761720283,5.63947507706598,4.87453544966618,5.8789351589585,4.413055143317,5.75762674982569,5.06900203041674,2.67257973924984,2.5368697389592,3.91765976799198,6.34550955803229,4.97067886201218,3.93305364343776,4.08556508813014,2.81210296264141,2.50636649892537,2.28907830140761,0,0,0,0,0,0,0,1.38792138158245,0,0,0,2.25191306495815,0,0,5.93451888548327,4.52150125256869,0,0,0,0,0,0,0,0,0,0,0,0,0,0,0,0,0,0,0,0,0,0,0,0,0,0,0,0
20200518,2.95537115160577,5.61955087731175,4.87236164617039,7.63422611976078,4.48484197453477,5.90058817432547,5.2618943401047,2.55796014170854,1.80017400627491,2.9408860406682,6.3318847368086,4.33414662466763,3.72870477741607,3.86030519569478,2.91596623075052,2.42935149559402,2.93761644692776,3.93229283925399,0,0,0,0,0,0,1.29259102287857,0,0,0,0,0,0,5.92880979686793,3.43564334997414,0,0,0,0,0,0,0,0,0,0,0,0,0,0,0,0,0,0,0,0,0,0,0,0,0,0,0,0
20200519,3.18107621671865,4.49215976061659,2.53437042491186,4.70658666321268,4.4270741039837,5.78946073059622,5.45664715289321,2.82503490629456,2.43776867495242,2.64863540463787,6.0920482278815,4.48668144581216,3.78190900250299,4.25091007962862,2.96780107827816,4.02012333906825,2.98794162841926,4.59615313240397,0,0,0,0,0,0,1.58229646604564,0,0,0,0,0,0,6.01583034838246,3.98179885052463,0,0,0,0,0,0,0,0,0,0,0,0,0,0,0,0,0,0,0,0,0,0,0,0,0,0,0,0
20200520,3.71297339050387,4.46612198509658,2.78745409505063,4.98820120711304,4.03718197613282,5.50581020774353,5.4021493403298,2.48831014540606,2.21946070625393,3.39318002338088,6.4151663702104,4.503366261464,3.89754769946937,1.35117511970918,3.13678428612834,2.82357205933138,3.12641530693282,3.30307491422244,0,0,0,2.84678210337042,0,0,0.912634760928777,0,0,0,0,0,0,0,4.19659567797362,0,0,0,0,0,0,0,0,0,0,0,0,0,0,0,0,0,0,0,0,0,0,0,0,0,0,0,0
20200521,3.50782843308601,4.67999879708956,3.42818875025515,4.6780462788092,3.97027384440912,5.44322378206883,5.39812258516304,2.47978435583541,2.5825116297022,3.40558743892491,6.09755813071626,4.20391518627506,4.60811652734116,4.08898007104102,3.091907092773,3.42525418533283,2.64730392100742,0,1.64474599691568,0,0,3.69894138389449,0,0,1.00088395755091,0,0,0,0,0,0,0,3.31936588218458,0,0,0,0,0,0,0,0,0,0,0,0,0,0,0,0,0,0,0,0,0,0,0,0,0,0,0,0
20200522,2.95916693580743,5.81657094258548,4.5092300063517,5.7269674145319,4.55559878793869,5.71984095862257,6.56894196970171,2.33291655225885,3.27413947222542,3.21244123926897,3.73949711236876,4.50508615992764,3.92527488626175,4.75009753875479,4.22942099245136,3.85525328834376,3.01532731779858,0,0,0,0,0,0,0,1.50098999488956,0,0,0,0,0,0,0,4.89772982497592,0,0,0,0,0,0,0,4.75539567312279,0,0,0,2.09770358470097,0,0,0,0,0,0,0,0,0,0,0,0,0,0,0,0
20200525,4.66623802847008,5.0749063104223,5.63208882768584,5.53487563064522,4.77400862935013,6.12448473951273,6.27255769053199,3.5407599289709,3.12403303176793,3.35822384148203,5.64309432195874,4.89803268205007,0,4.69619517165128,4.38203681572134,3.70462703780072,3.63331141457278,0,0,0,0,0,0,0,1.3295806208173,0,0,0,4.75909955045195,0,0,0,4.75310712946497,0,0,0,0,0,0,0,4.24781367131472,0,0,0,2.78464181201247,0,0,0,0,0,0,0,0,0,0,0,0,0,0,0,0
20200526,3.58606581538679,4.62869650356799,2.54257667880087,4.68757510983924,4.185057392095,5.58687535570019,4.81035218262868,1.84409741281447,1.96070898914173,4.2739737904361,3.86967707553098,4.39772412679305,4.30025184767569,4.20844699196403,4.34385647676295,3.35675255053873,3.32187175279283,0,0,0,0,3.55698431755181,0,0,1.26335372992455,0,0,0,0,0,0,0,5.02343890200475,0,0,0,0,0,0,0,0,0,0,0,2.33031121762138,0,0,0,0,0,0,0,0,0,0,0,0,0,0,0,0
20200527,2.8191481318445,4.88552538841118,2.71807826670629,4.87431029243214,3.13287969501618,5.93788460624533,4.99115728139071,1.93540203939687,3.325643880508,3.81634186353283,4.2125711723772,4.43436304690406,4.34928313240082,4.62816128244967,5.13981674592372,4.04743246500961,3.09586845922596,0,0,0,0,3.95479337648508,0,0,1.42886661951252,0,0,0,0,0,0,0,4.90761114498265,0,0,0,0,0,0,0,0,0,0,0,2.66669291384029,0,0,0,0,0,0,0,0,0,0,0,0,0,0,0,0
20200528,3.69843571120905,4.33803405924507,2.80705555584785,4.71902412536579,4.42988188551811,6.20691208261921,5.9677804465495,1.92727487917415,2.10953861271832,4.38023083502451,4.19813231144914,4.34516416351384,4.65898960909156,4.95594301232826,4.07043698497965,4.0029855957592,3.18189819318862,0,0,0,0,0,0,0,1.58439068493231,0,0,0,3.63990390605084,0,0,0,5.06762021212687,0,0,0,0,0,0,0,0,0,0,0,3.40627253014485,0,0,0,0,0,0,0,0,0,0,0,0,0,0,0,0
20200529,2.85896228770303,5.21075471252632,1.44592802785259,5.36577107875519,5.88660537338717,6.05902022881983,5.58157206586195,1.54183805231326,2.61003160113963,3.6389863420217,4.07026626950285,5.18552993365438,4.25120825218472,5.2464947693897,0,4.4614747980125,5.37358308031559,0,0,0,0,4.24064141420046,0,0,1.30316120774546,0,0,0,0,0,0,0,3.68710843737501,0,0,0,0,0,0,0,4.69056167825099,0,0,0,3.13764645386321,0,0,0,0,0,0,0,0,0,0,0,0,0,0,0,0
20200601,2.4843838110148,5.44333268470815,2.88166333719608,6.59952429707594,3.17966020664452,6.29101675290629,6.28389951619687,2.17487967330734,2.73998093223442,4.30960364694579,3.86302134884303,4.90652711666286,4.78839184637069,4.69139674696285,4.47359291818099,3.54992530342227,3.70633406937857,0,0,0,0,3.9071344902981,0,0,1.25634963423225,0,0,0,0,0,0,0,4.93304615196299,0,0,0,0,0,0,0,0,0,0,0,2.87991078169103,0,0,0,0,0,0,0,0,0,0,0,0,0,0,0,0
20200602,2.6117461723616,5.65155843628752,2.85308528446338,6.46912493898073,4.47806176244894,6.39142215868817,5.42298805232906,2.11961887426624,2.80222039553331,2.82173995048684,5.99070837081058,4.78336822413732,4.84846625716311,4.72743585804115,4.54657738464537,4.34539049897822,3.58717942480277,0,0,0,0,3.8045100783244,0,0,1.30108596135328,0,0,0,0,0,0,0,4.8068039598064,0,0,0,0,0,0,0,0,0,0,0,2.69833638234816,0,0,0,0,0,0,0,0,0,0,0,0,0,0,0,0
20200603,2.90365290188683,5.81214698237576,2.77845071225283,4.85047691112201,4.5316229529681,6.12670184271048,5.77255734461887,3.2660559708739,2.83485726789798,3.64170212748045,6.22626403571145,4.98672240148971,4.69949175834178,1.77345186894968,4.51897984847597,3.51769500800905,3.65324251100207,0,0,4.30432969656319,0,4.15653280933141,0,0,1.28464685561045,0,0,0,0,0,0,0,3.5794096578959,0,0,0,0,0,0,0,0,0,0,0,0,0,0,0,0,0,0,0,0,0,0,0,0,0,0,0,0
20200604,3.92041857806374,5.12219958260684,2.83664621022676,4.99892868090821,4.55194015816557,5.90805427609952,5.79716218064854,3.06747340636419,2.90933598985463,4.32551097423871,6.22624135020069,3.92406684168673,4.79696998981182,1.70529416384293,3.65465023881239,3.49069225544059,3.6515246039276,0,0,4.10347159078945,0,4.31807615581706,0,0,1.30883013507042,0,0,0,0,0,0,0,3.46089949835696,0,0,0,0,0,0,0,0,0,0,0,0,0,0,0,0,0,0,0,0,0,0,0,0,0,0,0,0
20200605,3.87361156564001,5.57173448581589,4.06121999669356,4.82601853336958,0,5.93565534272947,6.02555279936587,3.11983502619131,3.08378451232345,4.24503788115655,6.11149877795837,4.14248891275659,4.86892463048074,1.45280685447671,2.76702042898963,4.23088765415636,3.8482661008885,3.11613854105938,0,4.43355411969953,0,4.29422369344638,0,0,1.3300745118772,0,0,0,0,0,0,0,2.46170875063531,0,0,0,0,0,0,0,0,0,0,0,0,0,0,0,0,0,0,0,0,0,0,0,0,0,0,0,0
20200608,3.661117204187,5.19651651683558,5.35767946202104,4.94905664512019,0,5.91990838666605,5.396925899639,2.92931275789382,3.23556511818069,3.59769478302934,5.94721162536152,5.16683677603705,3.45365089184374,7.30365830128417,2.72791070278051,3.69936390903196,3.62258887395021,3.34293513165163,1.15804513040434,4.06580380523729,0,4.16120635640832,0,0,1.6883023502626,0,0,0,0,0,0,0,0,0,0,0,0,0,0,0,0,0,0,0,0,0,0,0,0,0,0,0,0,0,0,0,0,0,0,0,0
20200609,3.48945524364676,5.19943907481036,2.73841450524601,4.98562838772682,4.18001837582928,5.72645489037248,5.72092557738344,2.89209213918694,3.22366791726011,4.15723967883669,5.92386832048836,4.81582765539181,3.68918256310048,1.42974210721741,3.88351768655396,3.85519876008058,3.61632297428811,3.09445196999253,0,4.48706829033517,0,3.91141775578604,0,0,1.71804908125756,0,0,0,0,0,0,0,0,0,0,0,0,0,0,0,0,0,0,0,0,0,0,0,0,0,0,0,0,0,0,0,0,0,0,0,0
20200610,2.80567767531015,5.19914833090494,5.33615025645089,4.98252448876868,0,5.87202937392216,5.68984056590163,3.00121404360717,3.28357305477853,3.55322538064171,5.93489760373027,4.8565925276099,3.73017023826241,7.26971441044188,3.84675664840035,3.47293665932041,4.19863903523547,3.57535474635711,2.23215655193679,4.5625106494267,0,3.320567036168,0,0,1.18030182289147,0,0,0,0,0,0,0,0,0,0,0,0,0,0,0,0,0,0,0,0,0,0,0,0,0,0,0,0,0,0,0,0,0,0,0,0
20200611,2.9768758323379,6.13624360522191,5.42132712060527,4.98795085026777,4.31215981408919,6.51942950327909,5.77115477748924,2.95570808181457,3.84494611762184,3.97126234996726,6.01544952251859,4.93029472176768,4.46070714752765,7.17768175356616,0,3.9377071705457,3.53729764623858,0,0,4.51247965835136,0,0,0,0,1.26731435003585,0,0,0,6.01134151829467,0,0,0,4.86866935240522,0,0,0,0,0,0,0,0,0,0,0,2.42523478614957,0,0,0,0,0,0,0,0,0,0,0,0,0,0,0,0
20200612,5.25676488261591,5.31224740170617,5.31795909102228,5.14443907745506,0,6.4132151653985,5.91818226669795,3.19342694687054,4.13968952321419,3.96310108932196,6.18349921211693,3.49547808963482,4.84744765144652,7.41843283664423,3.27040285742333,4.36465494293153,4.05839192960051,0,0,4.54723683564611,0,0,0,0,1.23360665545822,0,0,0,5.49977854174868,0,0,0,3.70376067325163,0,0,0,0,0,0,0,0,0,0,0,2.46642635420085,0,0,0,0,0,0,0,0,0,0,0,0,0,0,0,0
20200615,4.00356104216241,4.97227303253698,5.34171472061753,4.81861327696214,4.65690389504995,6.20556831070058,5.80359687416767,3.1143141918018,3.98578807824995,5.30773550526726,6.16750138493054,4.17759337350767,4.62577137104705,7.52330723030778,0,4.30332210788093,3.77455631690048,0,0,4.26057041130829,0,0,0,0,1.33695154276725,0,0,0,4.98754201713632,0,0,0,4.89190105032173,0,0,0,0,0,0,0,0,0,0,0,2.20338263934453,0,0,0,0,0,0,0,0,0,0,0,0,0,0,0,0
20200616,3.55743050327174,5.27306819460209,5.09990833443041,5.17832579778265,0,6.24271982141233,5.53907744043777,1.58109396366512,2.80659752306434,3.69620565133659,5.9275616399917,3.25650296634951,4.44427520183843,1.64130808648414,3.90486258620058,3.99981162841188,3.81125568564224,3.54618591366498,0,4.23938888591877,0,0,0,0,1.52565579926184,0,0,0,0,0,0,0,3.90613181657586,0,0,0,0,0,0,0,0,0,0,0,2.02463487774367,0,0,0,0,0,0,0,0,0,0,0,0,0,0,0,0
20200617,4.07820342707089,5.50138246476052,5.25638450634276,5.26646573838098,0,6.12129398842275,6.14284245027621,2.73351371125386,2.92946106823049,4.39298085821712,3.47201846727287,4.25335540493129,4.89982487618156,1.3811355590877,2.19157780922766,3.60809693951231,4.37224300484944,3.0962466878901,0,4.21983857445608,0,0,0,0,1.62848564277809,0,0,0,0,0,0,0,3.83004925290714,0,0,0,0,0,0,0,0,0,0,0,2.37432075215517,0,0,0,0,0,0,0,0,0,0,0,0,0,0,0,0
20200618,4.98554316522007,5.3854742323397,5.18620250981986,5.20213128367515,0,5.87459057907932,5.95491669134036,3.18220765361285,2.92196738972838,4.78268662878764,4.23937928644639,4.75192705796688,4.96325181696322,1.75476264643896,2.02167496552261,4.66182621888874,4.13159247728384,0,0,4.4497527254417,0,0,0,0,1.65690521168995,0,0,0,5.52335672719003,0,0,0,3.03489462387563,0,0,0,0,0,0,0,0,0,0,0,2.86661045000201,0,0,0,0,0,0,0,0,0,0,0,0,0,0,0,0
20200619,3.91480190728226,5.20288955190858,6.34168968625583,5.10086915161941,0,5.91599247537748,5.98248152121176,2.08619172812311,2.7462571948422,4.47193515212372,2.14220266614435,4.46725444008292,4.53601076701206,8.32310366738187,2.06073952390938,4.47204557605802,4.0228638756641,0,0,4.1642984628245,0,3.53169877147301,0,0,1.54756733903598,0,0,0,0,0,0,0,2.81235331455179,0,0,0,0,0,0,0,0,0,0,0,2.23567584968657,0,0,0,0,0,0,0,0,0,0,0,0,0,0,0,0
20200622,4.03024412408613,5.19599648490657,5.24032189972779,4.92517023702204,0,5.86771344215952,5.42719156229816,2.5956815086518,1.91825435913904,4.17163710481678,2.64859705089958,4.47200620418278,7.25161856408835,1.39088031725935,2.53033363928694,2.49825972576624,3.5604154768822,0,0,3.67795529462631,0,2.77656788415131,0,0,1.24692554501032,0,0,0,0,0,0,0,2.52978809817673,0,0,0,0,0,0,0,0,0,0,0,2.77625499907268,0,0,0,0,0,0,0,0,0,0,0,0,0,0,0,0
20200623,3.41966539529301,4.75449495415736,5.0945347449209,4.61524799189483,0,5.82736052377344,5.03536755459802,2.80929452174308,2.96320506093954,4.16855507423241,2.62236654993611,4.04550589291508,3.86000855557956,10.4391998851869,2.45184382213311,3.31434842115404,2.4156764154045,2.96052308631825,0,3.43343257531655,0,0,0,0,1.69979232639226,0,0,0,0,0,0,0,3.29389484527668,0,0,0,0,0,0,0,0,0,0,0,2.07201462598232,0,0,0,0,0,0,0,0,0,0,0,0,0,0,0,0
20200624,3.12640300509088,5.02688904822318,4.92976011964697,4.9701531016965,0,5.78937000602979,4.86118010680317,2.42678753136335,2.73882105624983,3.98252790934731,2.52541340339077,3.74770446392443,3.24451620926573,10.4245111629724,1.72455936625879,2.55815819679925,2.96832499569919,0,0,2.72486789672964,0,2.25858363313348,0,0,1.83243544876182,0,0,0,0,0,0,0,3.12564359475046,0,0,0,0,0,0,0,0,0,0,0,2.59227201137593,0,0,0,0,0,0,0,0,0,0,0,0,0,0,0,0
20200629,3.3174936838912,4.74079753768438,4.26654028111018,4.72067207630234,0,5.10365488564943,4.66860816451996,2.57649215956214,3.25510133241689,3.58517905532552,5.27889728678695,3.97816380982946,4.56517452305697,10.4258608883752,2.21003305430465,2.92544951645736,3.01695954409405,0,0,3.30481791718956,0,0,0,0,1.90684223776839,0,0,0,4.44907674054437,0,0,0,2.43931074003815,0,0,0,0,0,0,0,0,0,0,0,2.70133299760445,0,0,0,0,0,0,0,0,0,0,0,0,0,0,0,0
20200630,3.21697472373666,3.45246381455515,4.86144783387084,5.03631561340913,0,4.40534640486175,3.843865608626,3.40118764021401,2.23896359884563,3.85134339517136,3.79451296198399,3.56315323686816,4.17453723697604,1.60330182381862,2.72343177684602,3.74369667854284,3.08697899008913,0,0,2.68084555763091,0,0,0,0,0.987925364384639,0,0,0,4.62525837642703,0,0,0,3.27723702066351,0,0,0,0,0,0,0,0,0,0,0,2.6765525663918,0,0,0,0,0,0,0,0,0,0,0,0,0,0,0,0
20200701,2.39404905624022,3.18728084301209,4.86630224093432,0,0,3.38998887982412,2.71930023368212,2.67878739064713,2.07237368904071,3.23258877961501,4.61491745733677,2.7736258547121,3.14351819228782,0.897689828601177,2.67856672065533,2.23403025496917,2.84484679244866,2.44485720941018,0,2.25128922187833,0,1.55418644119913,1.92100492243468,0,1.51702181366701,0,0,0,0,0,0,0,0,0,0,0,0,0,0,0,0,0,0,1.43853237621628,0,0,0,0,0,0,0,0,0,0,0,0,0,0,0,0,0
20200702,2.34874446772121,2.88551122311865,4.92107084840107,5.20991371340122,0,3.57449673500199,2.80918879476598,1.95551783795395,1.55165203216261,3.35153282848788,3.69999795487255,2.64529259709323,2.89365798986287,0.795140560632316,2.91105051765032,1.50678698101703,2.70771425785663,0,0,2.48847225294321,0,0,1.71196741121181,0,1.58112998540001,0,0,0,0,0,0,0,0,0,0,0,0,0,0,0,0,0,0,5.31767487579017,10.5787821740751,0,0,0,0,0,0,0,0,0,0,0,0,0,0,0,0
20200703,2.15322996290072,2.4698451701924,4.89514514122045,2.75655337230883,0,3.24400848157895,2.50299845098458,2.00091469070865,1.37196029645792,2.79976240855748,3.45531308057359,2.32685988252618,2.66122644028945,1.29905500810952,0,1.88208201942171,1.92099640707684,0,0,2.49965068702158,0,0,6.8341111837097,0,0.947031589199113,0,0,0,0,0,0,0,0,0,0,0,0,0,0,0,0,0,0,5.15598512032823,10.5128815298818,4.1808794600784,0,0,0,0,0,0,0,0,0,0,0,0,0,0,0
20200706,1.64806562627186,2.33978348407045,4.72233258734438,5.16741710698453,0,2.8679543160545,2.08493090354258,1.53523580292722,0.576110840014369,2.50034335710251,3.37940092862033,2.23748325272675,2.50746222448223,1.2098732918383,0,1.48902683425811,1.39614960318754,0,0,2.07817951459479,0,0,6.54936323544213,0,0.936399808485165,0,0,0,0,0,0,0,0,0,0,0,0,0,0,0,0,0,0,4.94122923762899,0,0.479236455503898,5.42357954908339,0,0,0,0,0,0,0,0,0,0,0,0,0,0
20200707,1.85175020297744,2.27631232244591,4.78029732084791,5.11574593123373,0,2.73076860746816,2.2893830308949,1.40660186653182,1.46741231273696,2.4558314819346,3.47214179453726,2.26785121262221,2.53239518904067,0.674147246036816,0,1.45184158120782,0,0,1.68940956080664,1.99254755317122,0,0,6.29721512626779,0,1.15863698039585,0,0,0,0,0,0,0,0,0,0,0,0,0,0,0,0,0,0,4.65550046316874,0,0.44592089030429,3.01822625281622,0,0,0,0,0,0,0,0,0,0,0,0,0,0
20200708,1.7009852631858,2.6341949277243,5.00210575788418,2.96929795944869,0,2.22360037352677,1.98714387483003,1.22367776125718,1.08008855217703,1.55389729685214,3.25933232170223,0,2.69014181888651,0,0,0,0,0,0.855368112904604,1.16124575181369,0,0,6.50955496279419,0,2.48418635055801,0,0,0,0,0,0,0,0,0,0,0,0,0,0,0,0,0,0,4.58000108108904,1.71899470211196,0.492136348796912,2.81354230167931,10.3382372693581,0.682622900913359,0,0,0,0,0,0,0,0,0,0,0,0
20200709,1.76383727733006,2.22936981965442,4.95210495526377,2.94108522718104,0,2.00961099829112,2.11698126162963,1.39070538473106,1.1041924333487,2.03318416373377,2.91984677795302,0,2.33801465395386,0,0,0,0,0,1.21941521578163,1.13407236234521,0,0,0.530341544697409,0,2.38453298639371,0,0,0.550932357367358,0,0,0,0,0,0,0,0,0,0,0,0,0,0,0,4.33949645041953,1.65900023727429,0.486657659893501,3.04112268709057,0,0,0.559268521483847,0,0,0,0,0,0,0,0,0,0,0
20200710,1.81987857158864,2.75573134519171,4.9654921433019,3.04913469421474,0,1.87983988575092,2.52486692361664,1.39046617039055,1.14746833530211,2.4300963648798,4.48538894722661,0,2.59127942421198,1.84068590613561,0,0,0,0,0.783312350519714,1.19627558830601,0,0,0.551299577532943,0,6.97310045728973,0,0,0,0,0,0,0,0,0,0,0,0,0,0,0,0,0,0,3.62170360679152,2.20830796651359,0.400202688401033,0.53407627228422,0,0,0.571929518732768,0,0,0,0,0,0,0,0,0,0,0
20200713,2.02619641631506,2.14269256757876,4.94061138852237,2.79516627071404,0,1.91392869122557,2.27553260567267,1.38084388203305,1.23132796560089,2.13031119720601,4.64744868155372,0,0,0,0,0,0,0,0.938017510559349,0.847971256897068,0,0,4.76423023103688,0,7.20709763053835,0,0.562772725418216,0,0,0,0,0,0,0,0,0,0,0,0,0,0,0,0,3.45957227315931,1.3832235493197,0.402857051502361,3.19858194609741,9.43744376260707,0,0.509643244328195,0,0,0,0,0,0,0,0,0,0,0
20200714,2.00516692045201,3.27158724869675,6.22970328507667,8.70283500957314,0,2.15614866182047,2.9342978407686,1.58983046967017,1.70278890152303,2.64375507876154,4.43696403423165,1.55236170421792,0,0,0,1.8070320782096,0,0,0,1.16060133909109,0,0,0.542672498270891,0,7.51293405762262,0,0,0.5115298917558,4.09615177986056,0,0,0,0,0,0,0,0,0,0,0,0,0,0,0,2.05087945424779,2.24211899972903,4.73136833284974,9.07732988114728,0,0,0,0,0,0,0,0,0,0,0,0,0
20200715,2.00632169890539,2.4512740763664,4.98219785646088,2.84554798767856,0,1.59106722834148,2.2073171422945,1.84985341324284,0.935014381804144,1.79002087522856,2.25375527440505,1.83738979576209,2.00667426663384,1.52953606131444,0,1.52206078605773,0,0,0,1.07705962596369,0,0,5.88852127812558,0,1.73272452437147,0,0,0,0,0,0,0,0,0,0,0,0,0,0,0,0,0,0,0,1.50709712032205,0.403373449659512,3.03721943241272,7.41597439746517,0,0,0,0,0,0,0,0,0,0,0,0,0
20200716,0,2.49192209399724,4.87938929676214,2.89118623171272,0,1.81503371031398,2.32673958073527,1.39872415691369,1.10443776529967,1.76998001039115,4.8904837759183,1.888919920652,0,1.0570899543307,0,1.2031992964068,0,1.04958178787699,0,0.832416628565418,0,0,0.591624582920972,0,1.90586699930578,0,0,0,0,0,0,0,0,0,0,0,0,0,0,0,0,0,0,2.99773832716454,1.68477734455634,0.458153242921984,2.99743660380823,6.54367684876707,0,0,0,0,0,0,0,0,0,0,0,0,0
20200717,2.24501474068296,2.09542509006099,4.95051304949459,3.07499473285298,0,1.87831609451782,2.37551867123008,1.57399251969926,1.14818896327633,1.78894829328849,1.80136568153362,1.91958894594721,2.79123654427223,0.852702287301526,0,1.48226044016678,0,1.54922841057319,0,1.51197707076592,0,0,0.603537145292446,0,1.3320750358125,0,0,0,0,0,0,0,0,0,0,0,0,0,0,0,0,0,0,0,1.75993675538617,0.504643167340435,0.559875404086243,0,0,0,0,0,0,0,0,0,0,0,0,0,0
20200720,2.19442047157116,2.13448803961445,5.03965869608813,3.10305668111457,0,2.04803206795024,2.15615115546,1.71938968485375,0.895516514813956,2.04347349079338,1.86592946247742,1.97231241748363,0,0,0,1.58798714111602,0,1.60512361830348,0,1.21669543078798,0,0,0.634098650659506,0,2.45550053507538,0,0,0,0,0,0,0,0,0,0,0,0,0,0,0,0,0,0,4.11707488190478,1.72921146616192,0.481597521094448,0.508055020053408,0,0,0.556971632326269,0,0,0,0,0,0,0,0,0,0,0
20200721,0,2.66339077715724,5.17681498398181,3.33990239558158,0,2.18164515100407,2.22623532611164,1.69737306455059,0.864097543082791,1.84656688134767,6.31224679497438,1.8367130273057,0,0,0,1.36824596736641,0,1.7543588797756,0.566506165409733,1.18897004695627,0,0,0.607805368024965,0,2.33216346496883,0,0,0,0,0,0,0,0,0,0,0,0,0,0,0,0,0,0,4.02298581109644,1.78339853188713,0.517067181186798,0.461797630744248,2.24970604236735,0,0,0,0,0,0,0,0,0,0,0,0,0
20200722,0,2.1400750827191,5.19538475745654,3.59316442914056,0,1.74049854538096,3.03531399946479,1.27756251764635,0.897045765234774,1.7574960327331,6.31373999901141,1.48062882782066,0,0,0,1.25189079805912,0,1.5984392928513,0,1.39673740379293,0,0,0.629710688396976,0,2.32165613709583,0,0,0.608959626556621,0,0,0,0,0,0,0,0,0,0,0,0,0,0,0,3.93619718200495,2.00956460273993,0.517051604105284,0.554167678532979,2.25005972145791,0,0,0,0,0,0,0,0,0,0,0,0,0
20200723,0,2.00402863065876,5.18414832953051,3.22497453938961,0,1.77772670958287,3.01377682544029,1.87139924507087,1.00201254431662,1.8909832281346,1.78964949684496,1.51618436369826,0,0,0,1.22064115660909,0,1.70170712785398,0,1.26747406322115,0,0,0.617641874849639,0,2.43198950295676,0,0,0.658835129794481,0,0,0,0,0,0,0,0,0,0,0,0,0,0,0,3.99920896645277,2.27745200573419,0,0.576012144916618,2.35620705878921,0,0.599019624713788,0,0,0,0,0,0,0,0,0,0,0
20200724,0,2.43997704818069,11.461991909287,3.61438763354382,0,1.91346249414709,4.10688891887179,1.74123439701558,1.54155499096079,1.83211156083978,6.48541564038154,1.53240514311578,0,0,0,1.31706384620476,0,1.24750088476359,0,2.01561131112711,0,1.39205823809062,3.94815294333901,0,8.28097649135895,0,0,0,4.1213307646313,0,0,0,0,0,0,0,0,0,0,0,0,0,0,4.84233297231258,1.740597457342,0,3.0844032841393,2.62928130909716,0,0,0,0,0,0,0,0,0,0,0,0,0
20200727,0,2.52122552855509,8.94707758057528,9.15147672496505,0,1.71678359628919,4.0626270902028,1.3991270614394,1.79729337826563,2.16330138222738,6.57933241473227,1.78296946991779,0,0,0,1.95526469711807,1.58682826269461,1.29724091035817,0,1.8282324710629,0,1.48327561057585,4.20400686685185,0,0,0,0,0,4.04653393446485,0,0,0,0,0,0,0,0,0,0,0,0,0,0,0,1.48429464510906,0,3.22401163153561,2.64509156686622,0,0.62043966038098,0,0,0,0,0,0,0,0,0,0,0
20200728,2.34932303965448,2.419766188647,6.60347248655874,3.46477577815896,0,1.98414284915651,4.45953766010435,1.36240576086033,1.73131863682864,2.02467118442525,6.43488921599915,1.55399226468667,0,0,0,1.83628187750213,1.09225675734686,1.20060046499197,0,2.07736006137441,0,0.881452457349174,4.07901254300977,0,0,0,0,0.686679944156724,3.15451068422159,0,0,0,0,0,0,0,0,0,0,0,0,0,0,0,1.96413035525136,0,3.28648502711174,0,0,0,0,0,0,0,0,0,0,0,0,0,0
20200729,2.39369569337254,1.81781740802779,5.06700333393271,3.68180123633863,0,1.52493823794798,1.86813807095571,1.60533700923279,0.71338311493706,1.74356525263354,6.4185089987291,1.4093831593088,0,0,0,1.47839910203564,0,1.45885818724499,0,1.31352160547133,0,0.647737860026068,0.645099692317127,0,1.61567987199439,0,0,7.03660546116669,0,0,0,0,0,0,0,0,0,0,0,0,0,0,0,3.76756744322146,0.890836953134353,0,0.623184766916736,0,0,0,0,0,0,0,0,0,0,0,0,0,0
20200730,2.17460304585978,0,5.0337020812535,3.62232863331633,0,1.39263576013208,1.77108383304341,1.611844487576,0.968898136979368,2.0570081666084,6.43986508940802,1.48458368558888,0,0,0,1.53479195717197,0,1.1838323054645,0,1.25421433930978,0,1.62774309001406,0.660863306352129,0,2.3754909065084,0,0,0.643665010457749,0,0,0,0,0,0,0,0,0,0,0,0,0,0,0,0,2.08755993003409,0.671198551954405,0.600641679709327,0,0,0.605532487939528,0,0,0,0,0,0,0,0,0,0,0
20200731,2.14011500757633,0,5.01651825950139,3.6303949361036,0,1.42889888211149,2.18197691615053,1.18853991360534,1.3467277918831,2.1094457700604,6.41660947123277,1.52447877267756,0,0,0,1.39077135879729,0,1.46526257921166,0,0.968933749389164,0,1.62650552821638,0.649194511437052,0,1.79747788612048,0,0,0.640212276578903,0,0,0,0,0,0,0,0,0,0,0,0,0,0,0,0,0.849904607181851,0.497150644707369,0.536979812994906,0,0,0.605208599354897,0,0,0,0,0,0,0,0,0,0,0
20200803,2.01238093221293,1.86167636814371,4.89841583399533,3.5307127513251,0,2.02227453091512,2.00550871885543,0.906736974481757,1.09295662929696,1.80171958374683,0.767324796624444,1.41028857661897,0,0,0,1.58534283108854,0,1.15852834659402,0,1.16555046202795,0,0.548684620995129,0.684135512131186,0,1.92420814225667,0,0,0.685577798298801,0,0,0,0,0,0,0,0,0,0,0,0,0,0,0,0,1.04899474704326,0.49713927895392,0.506602366466112,0,0,0,0,0,0,0,0,0,0,0,0,0,0
20200804,1.81507002500134,1.90823626632631,4.93782035078656,3.45996715732077,0,1.91948365985612,1.92065535401278,1.81995575312976,2.03019534349894,1.55933236595121,6.35210949979929,1.27990618434126,0,0,0,1.26131853309225,0,1.14662478894541,0,1.12176085867971,0,6.88953322318522,0.640951030936733,0,1.80583057606987,0,0,0.612125170359981,0,0,0,0,0,0,0,0,0,0,0,0,0,0,0,0,1.81181987160913,0,0.526318572901141,0,0,0,0.582669136200733,0,0,0,0,0,0,0,0,0,0
20200805,1.64070181473258,0,5.05271387642684,3.38843032568328,0,1.39103542071319,2.32526693983202,0.926800316817702,0.881319624473661,1.75331074239601,6.51553981874272,1.18903193988435,0,0,0,1.16883066142321,0,0.9937885426515,0,1.19012893005687,0,2.70414309236524,0.640176155130733,0,1.81003292906745,0,0,0.773374903652588,0,0,0,0,0,0,0,0,0,0,0,0,0,0,0,0,1.00135647385457,0,0.480557081112001,0,0,0.554420217985357,1.14708421113557,0,0,0,0,0,0,0,0,0,0
20200806,1.55242226910959,0,4.96896439405314,3.59663905035212,0,1.27548837414857,1.32058307784138,0.980573635865609,0.836169724975799,1.83696568808692,6.50000916336536,1.14523134986925,0,0,0,0.944463234512646,0,1.15796374786075,0,0.972647593242841,0,0,0.54079398428683,0,1.74247442641628,0,0,0.64970898351055,0,0,0,0,0,0,0,0,0,0,0,0,0,0,0,2.1611944143159,0.952616393333485,0,0.517426145500817,0,0,0.582916863971606,0.709134156274752,0,0,0,0,0,0,0,0,0,0
20200807,1.47592367086447,1.67816792924798,4.98367133665628,3.39742484420339,0,1.1966243640144,1.75949923886782,1.60877738184438,0.84281017468492,1.32233270994747,6.57858301362401,1.33541652537799,0,0,0,1.09675157697957,0,1.09096613172587,0,1.05521936152666,0,0,0.690787836328504,0,2.27986578665182,0,0,0.807656683123838,0,0,0,0,0,0,0,0,0,0,0,0,0,0,0,1.33508779851083,0.933377865112086,0,0.54227253583684,0,0,0,0.989147228555606,0,0,0,0,0,0,0,0,0,0
20200810,1.85257043311678,1.90826879366855,3.0423170277766,3.26683334640004,0,1.11788932445791,2.69404227606173,1.19084365298573,0.923011526081991,1.32289013075601,5.97097942833957,1.11968687463381,0,0,0,1.2347565043087,0,1.11413028719488,0,1.11712365207534,0,0,0.584191343890906,0,5.17438523830047,0,0,0.682062952646975,0,0,0,0,0,0,0,0,0,0,0,0,0,0,0,1.36638684466146,0.959098065049759,0,0.51336793179743,0,0,0,0.880044177498487,0,0,0,0,0,0,0,0,0,0
20200811,1.80747707632339,1.54852462091505,3.35921264715112,3.45630976845779,0,1.13857057008485,2.50606059423863,1.46796048320121,1.7406682202323,1.4813319996914,6.11973574817987,1.10654549934301,0,0,0,1.04647488198356,0,1.0477041208991,0,0.962203821778764,0,0,0.589299002866173,0,5.48576209569995,0,0,0.916362267492354,0,0,0,0,0,0,0,0,0,0,0,0,0,0,0,2.34993406597705,1.63899099699996,0,0.516446494618996,0,0,0,0.644229929504494,0,0,0,0,0,0,0,0,0,0
20200812,1.55996514452189,1.57659940951217,1.92709341069348,3.58788758171338,0,1.3706500270941,2.36377725907648,1.50517357356273,1.364466940938,1.45174110226817,1.45714937818096,1.08613904321757,0,0,0,1.42146704806247,0,1.12162496025123,0,0.967864822081475,0,0,0.683358122400448,0,4.02331090870438,0,0,0.637847757691124,0,0,0,0,0,0,0,0,0,0,0,0,0,0,0,2.29765308910148,1.44167749937885,0,0.556238299542468,0,0,0,0.616159826912897,0,0,0,0,0,0,0,0,0,0
20200813,1.35518486060093,1.50705410797527,1.80909946726815,3.5734946345807,0,1.1222166495068,1.43237194048867,1.01348713109631,0.949347844332765,1.73694674145579,1.73630839683777,1.11069569697032,0,0,0,1.30701568008685,0,0.878111373840023,0,0.916650208613005,0,0,0.684027283913186,0,4.22157894191042,0,0,0.875281274807138,0,0,0,0,0,0,0,0,0,0,0,0,0,0,0,1.31164942991684,1.11800418013346,0,0.55277897506869,0,0,0,0.59882450522857,0,0,0,0,0,0,0,0,0,0
20200814,1.65455048797207,1.63994553988478,1.9842409379601,2.97116634343591,0,1.08223694784327,2.33489752318641,0.998920301602279,0.878868153452504,1.29684977626039,1.45513443324371,1.06187414807393,0,0,0,1.39713048667885,0,0.963124401169359,0,0.889755841155249,0,0,0.640568411449209,0,3.97803612367896,0,0,0.573892242055996,0,0,0,0,0,0,0,0,0,0,0,0,0,0,0,2.14863440315112,0.97062788027663,0,0.547718102388584,0,0,0,0.638650129215155,0,0,0,0,0,0,0,0,0,0
20200817,1.38752738315324,1.47855755605315,1.94822224460183,3.51808836604081,0,0.768158453545812,2.24205484867847,1.06545919457968,1.07195698804313,1.09199010674835,6.79019215706829,1.00111413466822,0,0,0,1.39243063835459,0,1.09401539831368,0,0.945720340229091,0,0,0.638035886784626,0,3.94249910483357,0,0,3.29834223414815,0,0,0,0,0,0,0,0,0,0,0,0,0,0,0,2.2124642361956,0.964660674755653,0,0.529716207509547,0,0,0,0.623573685350536,0,0,0,0,0,0,0,0,0,0
20200818,1.44955882936889,1.39213419795868,1.99795468116495,3.38717400818577,0,0.786461743329584,2.22610280388876,1.09817322126017,0.991796397601853,1.53231499703237,6.22597288196466,1.05358835338471,0,0,0,1.25930549192006,0,1.1015845748328,0,0.869077805995784,0,3.35911336395059,0.65901323678217,0,0.381778701626138,0,0,0.575464264371616,0,0,0,0,0,0,0,0,0,0,0,0,0,0,0,0.642062693171882,0.772203318911854,0,0.555160614746537,0,0,0,0,0,0,0,0,0,0,0,0,0,0
20200819,1.44521970761868,1.59967602775189,3.55266489151316,3.40294505670222,0,0.867072617586268,2.31988002003147,1.19672186468516,0.961576497145255,1.1026707255497,1.34901556777521,1.03782551830106,0,0,0,1.20981528007099,0,1.04898568084682,0,0.941802339307166,0,3.36768235956333,0.685516271184866,0,3.87046771141359,0,0,0.692804261659626,0,0,0,0,0,0,0,0,0,0,0,0,0,0,0,1.98612202620959,0.86314126970397,0,0.567506164951022,0,0,0,0,0,0,0,0,0,0,0,0,0,0
20200820,1.78042074598316,1.7436093022035,5.98782138713668,3.4881098204846,0,1.38551559683556,2.29413411943361,1.08817877474601,1.1507398524781,1.49956455461202,1.4399115078865,1.04491868113564,0,0,0,1.29647790678058,0,1.02263757769419,0,0.868606203584606,0,3.28053400985875,0.661204224782115,0,3.78276163716708,0,0,0.683642783898498,0,0,0,0,0,0,0,0,0,0,0,0,0,0,0,1.15720248336722,0.913147314979075,0,0.574626596688516,0,0,0,0,0,0,0,0,0,0,0,0,0,0
20200821,1.5200921693356,1.72286441762565,6.07801322376684,3.50918053305409,0,1.29818435336688,2.97586769437043,1.14612153392589,1.11589946320641,1.39982775801948,1.09253437264638,1.1707965211394,0,0,0,1.63290834825553,0,0.987012893420868,0,1.17250384206875,0,3.2633828578819,0.713690662911824,0,3.76616820973216,0,0,0.701408192090569,0,0,0,0,0,0,0,0,0,0,0,0,0,0,0,1.14358488133502,0.739982640069036,0,0.550953863511894,0,0,0,0,0,0,0,0,0,0,0,0,0,0
20200824,1.55114118981238,1.81629055778337,4.03700335196466,3.30581434472179,0,1.37384769122325,2.63456850265469,1.18280213993436,1.08554433428518,1.8129184591943,4.66409492471151,1.13787225562666,0,0,0,1.40863751096156,0,0.888125296848797,0,1.16115738959399,0,0.760507724731811,0.653600950490452,0,3.75016996633036,0,0,0.618367481933254,0,0,0,0,0,0,0,0,0,0,0,0,0,0,0,1.23996698448257,1.28529770926568,0,0.671750412481317,0,0,0,0,0,0,0,0,0,0,0,0,0,0
20200825,1.68576876175715,1.62036552791215,4.03450296404228,3.42308996365502,0,1.15798659230218,2.60972135164994,1.38146781832638,1.10076188360671,1.1860985919095,1.17636236934166,1.0595450597041,0,2.11494066772748,0,1.1210208221593,0,0.928145417674332,0,1.1213822633934,0,0,0.711648364413024,0,0.53843341858323,0,0,0.637564471386395,0,0,0,0,0,0,0,0,0,0,0,0,0,0,0,0.474857835485187,1.32830184063202,0,0.6803804250744,0,0,0,0,0,0,0,0,0,0,0,0,0,0
20200826,1.57098226619391,1.56302827510373,4.07075687060671,3.53320586479002,0,1.32396594106591,1.26616429215124,1.18577602722378,1.18341368733,1.47526836706396,4.7133934157518,1.10622036788014,0,2.09259140747262,0,1.31733064872255,0,0.910824962054641,0,1.24432277316999,0,0,0.718047761333096,0,0.678782596027959,0,0,0.597693310524901,0,0,0,0,0,0,0,0,0,0,0,0,0,0,0,2.53232857003833,1.086042154288,0,0.690604484465571,0,0,0,0,0,0,0,0,0,0,0,0,0,0
20200827,1.66118287087764,1.70588186125518,4.00306029626383,3.59344875317388,0,1.61762280461109,1.13127896633444,1.25221809193218,1.22395506774987,1.00856747169963,0.967507028104648,0.935691267197856,0,2.06083949792436,0,1.3193176167145,0,0.774399967921765,0,0.921725195795178,0,0,0.706722835297382,0,0.708912080894251,0,0,0.640377305384685,0,0,0,0,0,0,0,0,0,0,0,0,0,0,0,0.743816687637683,1.07352150487325,0,0.592698359867318,0,0,0,0,0,0,0,0,0,0,0,0,0,0
20200828,1.60838707912926,1.78833011741436,4.05729094293187,3.75365197330915,0,1.30375769954465,2.70906412022002,1.30713040080329,1.30204880923984,0.998064580174813,0.97962371804218,0.790287586463475,0,2.17368387127778,0,1.20305286673761,0,0.935512516469496,0,1.15620941783886,0,0,0.752542988730445,0,0.760990283812367,0,0,0.602334404809933,0,0,0,0,0,0,0,0,0,0,0,0,0,0,0,0.72287494332057,1.04411445072475,0,0.577419909880966,0,0,0,0,0,0,0,0,0,0,0,0,0,0
20200831,1.85080425587565,2.79215332770532,4.00318294288374,3.53635243041303,0,1.83717351458784,2.29656211932775,1.07981703250434,1.15537991891083,1.51032834834891,1.09119761341416,1.07913338731496,0,2.15777650356452,0,0,0,0.958616562912809,0,1.04874742977561,0,3.38874827249714,0.533946134947952,0,0.66840686000674,0,0,0.661344208553971,0,0,0,0,0,0,0,0,0,0,0,0,0,0,0,0.533422343738288,1.47542745048723,0,0.613562454468064,0,0,0,0,0,0,0,0,0,0,0,0,0,0
20200901,1.77912480045329,1.86380572177984,3.99229735608617,3.52182918169831,0,8.2946125655787,2.14063750313407,0.908375448334485,1.05172017737177,1.16991524397879,1.16124174561553,0.997668138824561,0,0,0,1.02096079466991,0,1.01171979885682,0,1.00219093461224,0,0.490213919570443,0.634770217110099,0,0.791871671916403,0,0,0.664236384873534,0,0,0,0,0,0,0,0,0,0,0,0,0,0,0,0.633873449352335,1.65330336563237,0,0.527707262222191,0,0,0,0,0,0,0,0,0,0,0,0,0,0
20200902,1.65339857470406,1.72770218158012,2.11466802237087,3.39682671746975,0,4.61621294925716,1.20037289205711,1.09724293607935,1.09003642276014,1.12275215423872,1.02463597594441,1.1753433805037,0,0,0,1.16314283566714,0,0.916236519594898,0,1.07343165958677,0,0.44132845388612,0.683849951898862,0,0.920584255839584,0,0,0.970601027290644,0,0,0,0,0,0,0,0,0,0,0,0,0,0,0,0.845426001862608,1.05001790381158,0,0.581902980041174,0,0,0,0,0,0,0,0,0,0,0,0,0,0
20200903,1.82747865514456,1.46006182032209,1.87607377989669,3.40327284333844,0,5.40856610705023,2.70244885550937,1.07111923331746,1.2408699506448,1.1223326865002,1.04974157126495,0.941731170262277,0,0,0,0.979461625846913,0,0.93592729107684,0,0.803539467598458,0,0.540426284111652,0.664895644949413,0,0.782042976760999,0,0,0.909866074416542,0,0,0,0,0,0,0,0,0,0,0,0,0,0,0,0.876941088650487,1.12379577378265,0,0.586243852942582,0,0,0,0,0,0,0,0,0,0,0,0,0,0
20200904,2.08575831708002,1.55646504896366,2.21049627332984,3.49611119822461,0,1.59904680254581,2.81741561604207,1.12380746158812,1.35597052743881,0.933886386676639,1.02170182449819,1.12310420052192,0,0,0,1.10709714738403,0,0.930369957471689,0,0.72472720573375,0,0.569020604847446,0.658295090182892,0,0.736328463943757,0,0,0.873044637627057,0,0,0,0,0,0,0,0,0,0,0,0,0,0,0,0.876389594862499,9.79476444214769,0,0.533204284082883,0,0,0,0,0,0,0,0,0,0,0,0,0,0
20200907,2.8346742641431,1.62994349545521,4.18387694739895,3.20942945129148,0,1.42584260763628,2.36823007211575,1.19055582926155,3.72085208186048,1.53102812811826,1.10876980130631,0.868727236259623,0,2.30067106520023,0,1.3074308562022,0,0.797002401425686,0,0.497700518261973,0,0.465511369123557,0.652547379274223,0,0.741023000684465,0,0,0,0,0,0,0,0,0,0,0,0,0,0,0,0,0,0,0.792350802226653,0.813295246254579,0,0.529434770576714,0,0,0,0,0,0,0,0,0,0,0,0,0,0
20200908,1.66400166668571,1.92774830531076,6.39444298317581,3.26726808139236,0,1.75822550109454,1.59399917145978,1.06678060411861,4.60843147236768,1.08938143839984,1.05443091766959,0.806042676110356,0,2.39622650383771,0,1.29479814786463,0,0.919517251868881,0,0.651007561551856,0,0.475396317148309,0.654721850905066,0,5.15038275173892,0,0,0,0,0,0,0,0,0,0,0,0,0,0,0,0,0,0,0.740285639530299,1.07286076349897,0,0.54988955338552,0,0,0,0,0,0,0,0,0,0,0,0,0,0
20200909,1.63888830701831,1.39128464709511,1.6337293614047,3.21861406069328,0,1.65588835736268,1.50394322381605,1.03057244776321,1.1245790943834,1.31455957535751,1.07632733305494,1.07169740074834,0,8.1673813578427,0,1.15076614521586,0,0.874086311472149,0,0.749841141605444,0,0.422016194838475,3.19796504803779,0,0.699376156192633,0,0,0,0,0,0,0,0,0,0,0,0,0,0,0,0,0,0,0.576499330301327,1.160463951335,0,0.484336248464312,0,0,0,0,0,0,0,0,0,0,0,0,0,0
20200910,1.4530801138386,1.62955020737043,2.14853906999528,3.09255622456693,0,1.53969446096596,1.68861311384838,1.03190574232242,1.02843843717311,1.37531318136852,1.07558361526524,0.772135377627479,0,8.08960087761136,0,1.15507095364457,0,0.749440979099933,0,0,0,0.261248825942794,0.600163689883209,0,0.384176166261068,0,0,0,0,0,0,0,0,0,0,0,0,0,0,0,0,0,0,0.691109171045235,1.31928534968068,0,0.545666722023816,0,0,0,0,0.669686123094771,0,0,0,0,0,0,0,0,0
20200911,2.41861318796405,1.75856525926064,2.10288975549466,3.2226512581387,0,1.43272617785159,1.56424768311434,0.933227892807249,1.06841237696296,1.37614386443008,1.13145835915445,0.73616835309466,0,4.59672179123442,0,1.01281772103402,0,0.850451956516648,0,0,0,0.530856875370385,0.668287466181449,0,0.511660666211026,0,0,0.732220138824094,0,0,0,0,0,0,0,0,0,0,0,0,0,0,0,2.83546045422029,1.05845928021929,0,0.503177427536871,0,0,0,0,0,0,0,0,0,0,0,0,0,0
20200914,1.7513841157759,2.20203344707737,1.86057464017162,2.92119777598394,0,1.43918470235054,1.50778044527257,0.933660453148878,1.08771281630838,1.30923767081998,1.30449520595313,0.746469606325794,0,8.04863227633218,0,2.45989592392795,0,0.962393479216869,0,0,0,0.708225925026593,0.501139532089126,0,0.472378175377263,0,0,0.758410380495888,0,0,0,0,0,0,0,0,0,0,0,0,0,0,0,2.82979885421413,5.66333688811426,0,0.504918634406346,0,0,0,0,0,0,0,0,0,0,0,0,0,0
20200915,1.30207361624956,1.98325646888121,1.52819196134809,3.33422216261445,0,1.31321740658581,1.29903056455675,0.717091844294043,1.02949581085848,1.03545060369693,1.10060354755088,0.882675994621223,0,8.17630053130799,0,1.11050334062452,0,0.88940676114375,0,0,0,3.02397300078832,0.484055402368823,0,0.434028166485394,0,0,0.544210999898682,0,0,0,0,0,0,0,0,0,0,0,0,0,0,0,0.525931941052247,3.9308440055993,0,0.46331409694971,0,0,0,0,0,0,0,0,0,0,0,0,0,0
20200916,2.92658057123525,1.44507222587115,1.49302418672748,2.64042394753302,0,1.125577380522,3.17242580873885,0.724799499868286,0.9055590393357,1.32701450028689,0.895864783998509,0.799925256734506,0,4.48250186018197,0,0.930918510842658,0,0.70154893725236,0,0,0,0.939573152623144,0.561062948107097,0,0.431555944868603,0,0,0.574114432857008,0,0,0,0,0,0,0,0,0,0,0,0,0,0,0,0.54626485027857,1.99792867798027,0,0.518238965379708,0,0,0,0,0,0,0,0,0,0,0,0,0,0
20200917,2.70892153560633,1.36682473283198,1.87153322720472,2.71176424117207,0,1.01136025385371,3.39008484436778,0.726275891687259,1.01066835763082,1.35142575881644,1.10956110274964,0.846954397995252,0,4.45860482618079,0,0.859880356898606,0,0.861790995182084,0,0,0,0.800279617754719,0.694078118920164,0,0.463720073670928,0,0,0.620458064435544,0,0,0,0,0,0,0,0,0,0,0,0,0,0,0,0.401797603566036,2.01281229592145,0,0.457315216752829,0,0,0,0,0,0,0,0,0,0,0,0,0,0
20200918,3.45097506526572,3.76072211105781,2.67522234331735,2.70584701234857,0,0.95048133764845,3.63485405477017,0.588509267642887,1.13504715870524,0.913303214640314,1.20250397177845,0.718408851559633,0,2.67042472335838,0,0.521855609080966,0,0.883645913020536,0,0,0,1.24668333491696,0.748112418570522,0,0.510601909774533,0,0,0.623640972278503,0,0,0,0,0,0,0,0,0,0,0,0,0,0,0,0.601311114571622,1.42469559561889,0,0.549729718947976,0,0,0,0,0,0,0,0,0,0,0,0,0,0
20200921,3.16390116990327,1.08902438255311,2.08154377230192,2.50404209527063,0,1.02521813680647,1.08219964048339,0.597439533398186,0.87522755805744,1.2733458988089,0.83356823620323,0.676017305631507,0,4.32001023938793,0,0.830689148210217,0,0.919933139863887,0,0,0,0.457820547554722,0.545810614730686,0,0.51346215509614,0,0,0.560093816434095,0,0,0,0,0,0,0,0,0,0,0,0,0,0,0,0.647466641710224,1.32335819063629,0,0.49418382439166,0,0,0,0,0,0,0,0,0,0,0,0,0,0
20200922,3.30794812776435,1.38237108024249,1.91153836907141,2.1611637577548,0,1.07331871753369,1.21273708417432,0.931987603022715,0.908374534684705,1.32354441272893,0.989620061075967,0.820081922216023,0,0.956166325575501,0,0.947569139188738,0,0.97324530982047,0,0,0,0.518771107921861,0.491710443103309,0,0.610840915245957,0,0,0.64868727854357,0,0,0,0,0,0,0,0,0,0,0,0,0,0,0,0.351604832883633,1.29791145502159,0,0.515171329729441,0,0,0,0,0,0,0,0,0,0,0,0,0,0
20200923,3.05787648687367,1.26428278150278,1.95637019891453,2.11622899484214,0,0.967389710238221,1.3533620897764,0.956223583201241,0.981232235668034,1.1231369668585,1.29060688391585,2.0676782126677,0,4.43345650076669,0,0.886273106486082,0,1.02320498046554,0,0,0,0.505523413736036,0.599719636394682,0,0.803822030794573,0,0,0.723655692494425,0,0,0,0,0,0,0,0,0,0,0,0,0,0,0,0.465569927735542,1.17458504665339,0,0.437185366907347,0,0,0,0,0,0,0,0,0,0,0,0,0,0
20200924,1.25771832780132,1.57465974894204,2.23889736387731,2.34213322132611,0,1.48619500204655,1.03036284869283,0.819512572011816,1.20957945264903,0.795902650002118,0.952137508266492,1.17553891787792,0,4.31538456388653,0,1.38242513946909,0,1.22134447852329,0,0,0,0.37662974089495,0.551017815328203,0,0.739539351568958,0,0,0.689564859986658,0,0,0,0,0,0,0,0,0,0,0,0,0,0,0,0.77775649708553,1.11870636009694,0,0.488940631998824,0,0,0,0,0,0,0,0,0,0,0,0,0,0
20200925,1.25512971549251,1.59768960654371,2.19698403341626,1.84178020898444,0,1.29301297473164,1.72458210915015,0.951934113541288,1.17720344841757,1.01245456854978,0.887156148503781,1.27070066748984,0,3.47403628923627,0,0.937416540825332,0,0.982633259293557,0,0,0,0.245464744928564,0.692548726056805,0,0.668613500882496,0,0,0.683827084492902,0,0,0,0,0,0,0,0,0,0,0,0,0,0,0,0.869688030144779,1.1020728486738,0,0.535804342576722,0,0,0,0,0,0,0,0,0,0,0,0,0,0
20200928,1.55775880561167,2.31346307468463,2.12822952350035,0.993090752762469,0,1.72298142571069,4.50100298052968,0.870157485697774,1.15062265353906,0.909841612535164,0.723616544494849,1.46366021913524,0,4.01099614613714,0,0.664757264875632,0,0.974137940625017,0,0,0,0.525808325067218,0.668525063040781,0,0.543521234534672,0,0,1.32721271671246,0,0,0,0,0,0,0,0,0,0,0,0,0,0,0,0.519145704060211,1.15010077706726,0,0.461013473471747,0,0,0,0,0,0,0,0,0,0,0,0,0,0
20200929,1.22691470375435,1.76456451577296,1.65875973934859,1.32397568717742,0,1.25735969913248,1.86777224782769,0.820175879619195,1.3697508553079,0.852391666525891,0.943348736868657,1.21247785682153,0,3.32893673277106,0,0.7482025585166,0,1.01359721152431,0,0,0,0.656978016488837,0.637350663259587,0,0.462807156586808,0,0,1.26989714878878,0,0,0,0,0,0,0,0,0,0,0,0,0,0,0,0.465248609796872,0.7404516345318,0,0.509165163611319,0,0,0,0,0,0,0,0,0,0,0,0,0,0
20200930,1.44419817760465,1.83368028618693,2.00532812838492,1.2162594619699,0,1.59095530881248,1.43673410191088,0.67683332803964,1.51568593166864,1.1624860348522,1.19014470333866,1.32903503454426,0,3.61300282944982,0,1.17983795105734,0,1.08454578175182,0,0,0,0.277831601710094,0.532587454253076,0,0.592545956543605,0,0,0.52457185716616,0,0,0,0,0,0,0,0,0,0,0,0,0,0,0,0.818695925054753,0.657453745960446,0,0.472822853784351,0,0,0,0,0,0,0,0,0,0,0,0,0,0
20201009,0,0,0,0.298472768961809,0,0,0,0,0,0,0,0,0,0,0,0,0,0,0.355727824512762,0,0,0,0.424522700261875,0,0,0.311730708985483,0.416854820061181,0.35801536294071,0,0,0,0,0,0,0.427220504458822,0,0,0,0,0,0,0,0,0.240463375732765,0.209757761948357,0.401054803045736,0.363125826559803,0,0.399154502033011,0.438558064642665,0,0,0.507309647652099,1.45352220172398,0.424747404915472,0.487218979749089,0.407901949478427,0.195973711145024,0.392805556046794,0.32370722100332,0
20201012,5.42119010712901,5.46701896626135,5.38830791408907,1.13764440902962,0,5.34112257793297,5.30531606111549,5.29341227566638,5.3586783565879,5.32401194873084,4.41093520407306,5.36663880594877,0,5.52271995883118,0,4.75584104888882,0,5.1892733302374,0,0,0,1.68480003298113,0.539664059840726,0,4.27540520126089,0,0,0.559189199836188,0,0,0,0,0,0,0,0,0,0,0,0,0,0,0,0,0.470561701117561,0,0.485625004321327,0,0,0,0,0,0,0,0,0,0,0,0,0,4.24305068809326
20201013,5.4267958692136,5.31020879381298,5.47512003968431,0,0,5.38344269428371,5.17130344459969,5.31776894732787,4.4251363321566,3.4735720570809,3.77039785014547,5.3737806737872,0,5.49279465115308,0,4.23627053421444,0,5.12306274749866,0.46360941163366,0,0,1.96809028678195,0.554970217312692,0,3.04576688684137,0,0,0.611475216361,0,0,0,0,0,0,0,0,0,0,0,0,0,0,0,0.416852417701575,0,0,0.441817465539067,0,0,0,0,0,0,0,0,0,0,0,0,0,4.87100459991399
20201014,5.41812060913711,5.26410642202999,5.44538207871673,0.926848293944762,0,5.39925428945356,5.36076111388346,5.31206774978166,5.49133959479673,3.67869950617833,3.93607206130091,5.59979892405553,0,5.29676012819584,0,4.45176390925763,0,5.43195606275007,0,0,0,1.52049917563497,0.559208905232232,0,5.00163832606706,0,0,0.477543969047921,0,0,0,0,0,0,0,0,0,0,0,0,0,0,0,5.70339718471263,0.657882610256414,0,0.434189777252186,0,0,0,0,0,0,0,0,0,0,0,0,0,0
20201015,5.48365770484711,5.23845027136963,5.35991615555383,1.41070535851437,0,5.35265132018455,5.34064348133767,5.36465757604703,4.79942891742185,5.50811374939319,3.49773453239939,5.49179248651815,0,5.46430199521682,0,4.35986411948094,0,5.37463850508981,0,0,0,2.61774797133842,0.538662746268676,0,4.09679476339663,0,0,0.497172554811534,0,0,0,0,0,0,0,0,0,0,0,0,0,0,0,0.43888667441014,0.688109593833164,0,0.449687543418884,0,0,0,0,0,0,0,0,0,0,0,0,0,0
20201016,5.06921142395934,5.2047447129383,5.05895102585906,1.56773857890837,0,5.4136398696763,5.03653359471748,5.00999418689689,5.01918344128354,4.99249351590156,4.98336126979562,5.3794792954781,0,7.22162516158937,0,4.90497718324874,0,5.2309423414171,0,0,0,1.67869256876996,0.579762422463968,0,4.70891334405919,0,0,0.53184487822627,0,0,0,0,0,0,0,0,0,0,0,0,0,0,0,0.44239055061779,0.559144295636313,0,0.46505869414141,0,0,0,0,0,0,0,0,0,0,0,0,0,0
20201019,0,5.30798483370387,5.37204884446006,1.37686826507332,0,5.2741106958054,5.40551129345118,5.27483855230285,4.65757520271756,4.13559469750967,4.5031250995171,5.46414184091149,0,5.07864410517442,0,5.33255465791103,0,5.37898694878872,0.466958072349354,0,0,1.17711980346841,0.519244843688277,0,3.30315464371605,0,0,0,0,0,0,0,0,0,0,0,0,0,0,0,0,0,0,0.455305159634629,0.708333345266918,0,0.490412371081531,0,0,0,0,0,0,0,0,0,0,0,0,0,3.78956539589357
20201020,5.25918563925964,5.25721895117248,5.10758528420595,1.56600349321407,0,5.19909409525566,5.28470647920511,4.75237120630802,5.12032536561233,5.27576971077178,5.11015732239732,4.99294105034107,0,4.94029629144416,0,4.98638768297835,0,5.30173855202381,0.449033391383262,0,0,2.77807194450523,0.525594281037936,0,4.59327897533977,0,0,0,0,0,0,0,0,0,0,0,0,0,0,0,0,0,0,0,2.76156155508839,0,0.414554303547978,0,0,0,0,0,0,0,0,0,0,0,0,0,4.8376229014598
20201021,5.27904660426292,5.22853103335875,5.06412416564082,1.4443355057288,0,5.13131644258126,5.29535939327043,4.78215419388886,5.06025387641865,4.93378431402175,4.4976225162478,4.93179127879004,0,5.16507575708579,0,4.88060894577094,0,5.22924040226098,0.482014644369051,0,0,1.82779714626912,0.47395737485155,0,4.69399486457412,0,0,0,0,0,0,0,0,0,0,0,0,0,0,0,0,0,0,0,2.63981444144196,0,0.430162911794226,0,0,0,0,0,0,0,0,0,0,0,0,0,5.02304983116165
20201022,0,5.32181755027306,0,0.80489709393701,0,5.46684170153092,4.71706092020327,5.29854212698311,3.36285341975997,3.85807354920075,3.25078157419383,5.33744356358757,0,5.2010973937855,0,4.66017078846989,0,4.73998261185837,0.472355232657254,0,0,2.14477244275731,0.485291973812799,0,5.31015397192111,0,0,0.420598739284036,0,0,0,0,0,0,0,0,0,0,0,0,0,0,0,0,0.669061508502444,0,0.409549434082866,0,1.49984727868037,0,0,0,0,0,0,0,0,0,0,0,2.70542726540605
20201023,5.09674783530568,5.4029165940824,5.10821429503577,0.69535913654906,0,5.22955627637957,4.89424638854572,4.97530860618281,5.04738387117101,5.20191589469148,3.40057330479881,4.9937358374305,0,5.03005342162926,0,4.90453455033522,0,5.16355937699347,0.373580652421779,0,0,1.7937788774819,0.433396755972133,0,4.71475571104039,0,0,0,0,0,0,0,0,0,0,0,0,0,0,0,0,0,0,0,0.579660140754041,0,0.377462590304038,0,0,0,0,0,0,0,0,0,0,0,0,0,4.71506938233636
20201026,0,5.34885159707763,5.33060253877047,0,0,5.4395613800801,4.67830692743921,5.36358591276162,5.24641883227806,3.43855501875477,3.37757384652868,5.33888832736976,0,4.6941522153748,0,3.34122850937451,0,4.93393837569078,0.386702040379406,5.44759661014728,0,2.51119804984366,0.423495865170133,0,5.33542650468241,0,0,0.433419957109313,0,0,0,0,0,0,0,0,0,0,0,0,0,0,0,0.481759875955253,0,0,0.369118129238751,0,0,0,0,0,0,0,0,0,0,0,0,0,3.22226496213405
20201027,0,5.28474731595465,5.11841919203642,2.99937599471696,0,5.31835442220995,4.96662065896673,5.00776153089907,4.99557062792058,4.47962760830004,2.38975684390885,5.06667826181586,0,5.01133988644884,0,4.93825136684718,0,5.10816321108347,0,0,0,2.37182730289304,0.48551943608297,0,4.82988133681981,0,0,0.416789827259749,0,0,0,0,0,0,0,0,0,0,0,0,0,0,0,0.371069706574534,0.502752243205366,0,0.418427852859921,0,0,0,0,0,0,0,0,0,0,0,0,0,4.98964384842006
20201028,0,5.2651881313609,5.07839023554212,2.99685847418442,0,5.28627935811404,5.07805449587976,4.84225951531102,4.94482495391292,5.00048911749494,1.9135973830203,5.30016129859769,0,4.83465009373882,0,4.93242216979918,0,5.05046159381863,0,0,0,2.43765428178593,0.502363657326502,0,4.97578177244132,0,0,0.422361486577457,0,0,0,0,0,0,0,0,0,0,0,0,0,0,0,0,0.482761289631763,0,0.387526813911544,0,0.4190300043135,0,0,0,0,0,0,0,0,0,0,0,4.6331658982963
20201029,0,5.37631832621819,5.16616877090319,2.73782801430187,0,5.28473435929964,5.22132367626372,4.96160704496596,4.85029790339595,4.85401894462241,3.18656578218393,5.02636716724451,0,4.93144027419499,0,5.05711014871407,0,4.8932241876213,0,0,0,2.87565743768493,0.43460901530493,0,4.71978287869756,0,0,0.36316998051771,0,0,0,0,0,0,0,0,0,0,0,0,0,0,0,0,0.58718158402479,0,0.356532051744095,0,1.77258952042407,0,0,0,0,0,0,0,0,0,0,0,4.73152900105945
20201030,5.09061885788973,5.28849358767537,5.13211083548827,2.74792936796063,0,5.18662733629593,4.97370699791172,4.87404661815276,4.87640410197859,5.15633233782563,4.96636312192835,5.32217739927635,0,5.00123701848145,0,4.92190256752899,0,5.1002201899324,0.4712833807962,0,0,2.20951988317741,0.458639455333687,0,4.63993625673538,0,0,0,0,0,0,0,0,0,0,0,0,0,0,0,0,0,0,0,0.579213397526954,0,0.386311198118323,0,0,0,0,0,0,0,0,0,0,0,0,0,4.77755997399351
